<TICKER>,<PER>,<DATE>,<TIME>,<OPEN>,<HIGH>,<LOW>,<CLOSE>,<VOL>
KMAZ,D,04/01/16,00:00:00,35.8500000,36.9500000,35.6000000,36.1000000,17200
KMAZ,D,05/01/16,00:00:00,35.9500000,36.7000000,35.9500000,36.0500000,10500
KMAZ,D,06/01/16,00:00:00,36.0000000,36.1500000,35.6000000,36.1500000,9700
KMAZ,D,11/01/16,00:00:00,35.5500000,35.6500000,35.0000000,35.6000000,17400
KMAZ,D,12/01/16,00:00:00,35.6000000,35.8000000,35.3500000,35.4000000,11400
KMAZ,D,13/01/16,00:00:00,35.6500000,35.9000000,35.6500000,35.8000000,15200
KMAZ,D,14/01/16,00:00:00,35.6500000,35.7000000,35.5000000,35.5000000,15800
KMAZ,D,15/01/16,00:00:00,35.5000000,35.6000000,34.0500000,35.0000000,129100
KMAZ,D,18/01/16,00:00:00,34.5000000,34.9500000,34.2000000,34.4500000,57100
KMAZ,D,19/01/16,00:00:00,34.4500000,35.4000000,34.4500000,34.9000000,34000
KMAZ,D,20/01/16,00:00:00,35.0000000,35.3000000,34.1500000,34.5000000,22000
KMAZ,D,21/01/16,00:00:00,34.3500000,34.4500000,34.0000000,34.4000000,35000
KMAZ,D,22/01/16,00:00:00,34.8500000,34.8500000,34.3000000,34.3500000,30900
KMAZ,D,25/01/16,00:00:00,34.7000000,35.1000000,34.4000000,34.4000000,64900
KMAZ,D,26/01/16,00:00:00,34.5000000,34.9000000,34.3500000,34.7000000,64800
KMAZ,D,27/01/16,00:00:00,34.7500000,35.1000000,34.5000000,34.8000000,37600
KMAZ,D,28/01/16,00:00:00,34.8000000,34.9000000,34.7000000,34.8500000,48200
KMAZ,D,29/01/16,00:00:00,34.9500000,34.9500000,34.4500000,34.6500000,27800
KMAZ,D,01/02/16,00:00:00,34.9500000,35.0000000,34.6500000,34.9500000,21500
KMAZ,D,02/02/16,00:00:00,34.9000000,34.9500000,34.7000000,34.9500000,23000
KMAZ,D,03/02/16,00:00:00,34.9000000,35.0000000,34.8500000,34.9500000,29800
KMAZ,D,04/02/16,00:00:00,35.1000000,35.5000000,35.0000000,35.1000000,32400
KMAZ,D,05/02/16,00:00:00,35.3000000,35.3000000,34.7500000,35.2500000,47900
KMAZ,D,08/02/16,00:00:00,34.7500000,36.4000000,34.7500000,35.3000000,119200
KMAZ,D,09/02/16,00:00:00,35.6000000,35.6500000,35.0500000,35.1500000,132300
KMAZ,D,10/02/16,00:00:00,35.1000000,35.1500000,34.7500000,35.1500000,55500
KMAZ,D,11/02/16,00:00:00,35.0500000,35.4000000,34.1500000,34.8000000,62400
KMAZ,D,12/02/16,00:00:00,35.1500000,36.0000000,35.1000000,35.4500000,186300
KMAZ,D,15/02/16,00:00:00,35.9000000,36.6500000,34.8000000,35.0000000,146600
KMAZ,D,16/02/16,00:00:00,35.2000000,35.2000000,34.4500000,35.1000000,46100
KMAZ,D,17/02/16,00:00:00,35.1500000,35.4000000,34.6500000,34.7000000,34900
KMAZ,D,18/02/16,00:00:00,35.0500000,35.3000000,34.6500000,34.9500000,53000
KMAZ,D,19/02/16,00:00:00,34.7000000,35.0500000,34.6500000,35.0000000,19000
KMAZ,D,20/02/16,00:00:00,34.7500000,35.1000000,34.7000000,35.0000000,24900
KMAZ,D,22/02/16,00:00:00,34.9000000,35.1000000,34.9000000,35.0000000,2300
KMAZ,D,24/02/16,00:00:00,35.0500000,35.0500000,34.7500000,34.9000000,5700
KMAZ,D,25/02/16,00:00:00,34.7500000,35.1000000,34.4000000,34.9500000,9900
KMAZ,D,26/02/16,00:00:00,35.0000000,35.0000000,34.8500000,34.8500000,10500
KMAZ,D,29/02/16,00:00:00,34.7500000,35.0500000,34.4000000,35.0000000,129500
KMAZ,D,01/03/16,00:00:00,35.0000000,35.0500000,34.5000000,35.0000000,22700
KMAZ,D,02/03/16,00:00:00,34.8000000,35.0500000,34.7500000,34.9500000,9500
KMAZ,D,03/03/16,00:00:00,35.0000000,35.1500000,34.7500000,34.9500000,91400
KMAZ,D,04/03/16,00:00:00,35.0000000,35.0000000,34.7500000,34.9000000,3100
KMAZ,D,07/03/16,00:00:00,35.0000000,35.1000000,34.8500000,34.8500000,17000
KMAZ,D,09/03/16,00:00:00,34.9500000,35.1000000,34.8500000,34.9500000,24900
KMAZ,D,10/03/16,00:00:00,34.8500000,35.5000000,34.8000000,35.1500000,28700
KMAZ,D,11/03/16,00:00:00,35.1500000,35.5500000,34.7000000,35.0000000,237600
KMAZ,D,14/03/16,00:00:00,35.1000000,35.5500000,35.0500000,35.1500000,105600
KMAZ,D,15/03/16,00:00:00,35.2000000,35.3000000,34.6000000,34.7000000,104300
KMAZ,D,16/03/16,00:00:00,34.8500000,35.1000000,34.7000000,34.8500000,70300
KMAZ,D,17/03/16,00:00:00,35.3000000,35.3500000,34.8000000,34.8000000,47200
KMAZ,D,18/03/16,00:00:00,35.0000000,35.1000000,34.8000000,35.0000000,38300
KMAZ,D,21/03/16,00:00:00,35.0000000,35.1000000,34.8000000,34.9500000,32800
KMAZ,D,22/03/16,00:00:00,35.0000000,35.0000000,34.7000000,34.8000000,45600
KMAZ,D,23/03/16,00:00:00,35.0500000,35.1000000,34.8000000,34.9000000,42000
KMAZ,D,24/03/16,00:00:00,34.8000000,35.4000000,34.6500000,35.1500000,74600
KMAZ,D,25/03/16,00:00:00,35.1500000,35.3000000,35.0000000,35.1500000,11000
KMAZ,D,28/03/16,00:00:00,35.1500000,35.5000000,35.0000000,35.2500000,22000
KMAZ,D,29/03/16,00:00:00,35.3500000,36.8000000,34.6000000,35.2000000,311500
KMAZ,D,30/03/16,00:00:00,35.0000000,35.2500000,34.5500000,35.2500000,42100
KMAZ,D,31/03/16,00:00:00,35.0000000,35.2000000,34.8500000,35.0500000,30300
KMAZ,D,01/04/16,00:00:00,34.9000000,35.3500000,34.8000000,35.1000000,29200
KMAZ,D,04/04/16,00:00:00,35.0000000,35.5500000,34.9000000,35.2500000,50500
KMAZ,D,05/04/16,00:00:00,35.3000000,35.3500000,34.9500000,35.0000000,11800
KMAZ,D,06/04/16,00:00:00,35.1000000,35.3500000,34.8000000,34.8000000,52400
KMAZ,D,07/04/16,00:00:00,35.3000000,37.9500000,35.1500000,37.3500000,456700
KMAZ,D,08/04/16,00:00:00,37.7500000,39.2000000,36.2000000,36.5000000,225400
KMAZ,D,11/04/16,00:00:00,37.0500000,37.3000000,35.6500000,35.7000000,141400
KMAZ,D,12/04/16,00:00:00,35.9000000,37.3000000,35.6500000,36.1500000,79500
KMAZ,D,13/04/16,00:00:00,36.2000000,37.5000000,36.1000000,36.3500000,119200
KMAZ,D,14/04/16,00:00:00,36.6000000,37.7000000,36.5500000,36.6500000,24300
KMAZ,D,15/04/16,00:00:00,36.7000000,37.0000000,36.4000000,36.8000000,76500
KMAZ,D,18/04/16,00:00:00,36.6500000,36.7500000,36.0000000,36.4500000,90300
KMAZ,D,19/04/16,00:00:00,36.4000000,36.9000000,36.4000000,36.5000000,42600
KMAZ,D,20/04/16,00:00:00,37.0000000,37.0000000,36.6000000,36.6500000,16500
KMAZ,D,21/04/16,00:00:00,37.2000000,37.3500000,36.5000000,36.9000000,48900
KMAZ,D,22/04/16,00:00:00,36.7500000,36.8500000,36.5000000,36.8500000,24200
KMAZ,D,25/04/16,00:00:00,36.6500000,37.2500000,36.6500000,37.0000000,17100
KMAZ,D,26/04/16,00:00:00,37.2500000,37.6500000,36.8000000,37.0500000,61300
KMAZ,D,27/04/16,00:00:00,37.1000000,37.1500000,36.6500000,36.9000000,10200
KMAZ,D,28/04/16,00:00:00,36.7500000,36.9500000,35.4500000,36.9500000,83600
KMAZ,D,29/04/16,00:00:00,36.3500000,36.9000000,36.2500000,36.7500000,40200
KMAZ,D,04/05/16,00:00:00,37.0000000,37.3000000,36.5000000,36.8000000,8700
KMAZ,D,05/05/16,00:00:00,36.7500000,36.7500000,36.6500000,36.7000000,12400
KMAZ,D,06/05/16,00:00:00,36.7500000,36.9000000,36.7000000,36.8000000,3200
KMAZ,D,10/05/16,00:00:00,37.0500000,37.0500000,36.4500000,36.8000000,17000
KMAZ,D,11/05/16,00:00:00,36.7000000,37.0000000,36.7000000,36.8000000,50700
KMAZ,D,12/05/16,00:00:00,36.6500000,37.0500000,36.0500000,37.0000000,41800
KMAZ,D,13/05/16,00:00:00,36.8500000,36.9500000,36.2000000,36.8500000,17300
KMAZ,D,16/05/16,00:00:00,36.8500000,37.0000000,36.4000000,36.7000000,13800
KMAZ,D,17/05/16,00:00:00,36.7500000,37.0000000,36.4000000,36.7000000,24500
KMAZ,D,18/05/16,00:00:00,36.7000000,36.7500000,36.4000000,36.6500000,23600
KMAZ,D,19/05/16,00:00:00,36.5500000,37.2500000,36.5500000,36.8000000,29500
KMAZ,D,20/05/16,00:00:00,36.9000000,36.9000000,36.4000000,36.7000000,12400
KMAZ,D,23/05/16,00:00:00,36.7500000,36.8000000,36.6500000,36.8000000,10200
KMAZ,D,24/05/16,00:00:00,36.9000000,37.0000000,36.5000000,36.6500000,9200
KMAZ,D,25/05/16,00:00:00,36.6500000,37.0000000,36.6500000,36.7000000,30300
KMAZ,D,26/05/16,00:00:00,36.9000000,36.9000000,36.5000000,36.8000000,3000
KMAZ,D,27/05/16,00:00:00,36.7000000,36.8000000,36.4000000,36.5500000,20700
KMAZ,D,30/05/16,00:00:00,36.3000000,38.6000000,35.5000000,36.8500000,36300
KMAZ,D,31/05/16,00:00:00,36.5500000,36.6000000,35.5000000,36.1500000,36400
KMAZ,D,01/06/16,00:00:00,36.0000000,36.0000000,35.6500000,35.7500000,17100
KMAZ,D,02/06/16,00:00:00,35.6500000,36.0000000,35.1000000,35.3500000,39800
KMAZ,D,03/06/16,00:00:00,35.4500000,35.7500000,35.0000000,35.3500000,27600
KMAZ,D,06/06/16,00:00:00,35.7000000,36.1500000,34.8000000,35.3000000,36600
KMAZ,D,07/06/16,00:00:00,35.7000000,35.8000000,35.0000000,35.5000000,14000
KMAZ,D,08/06/16,00:00:00,35.3000000,35.6500000,34.8000000,35.1000000,17400
KMAZ,D,09/06/16,00:00:00,34.9000000,35.2000000,34.7000000,35.1000000,17900
KMAZ,D,10/06/16,00:00:00,35.4500000,35.5000000,34.2000000,34.6500000,57600
KMAZ,D,14/06/16,00:00:00,34.4500000,35.2000000,34.1000000,35.0000000,42500
KMAZ,D,15/06/16,00:00:00,34.8500000,35.2500000,34.8000000,35.0000000,22700
KMAZ,D,16/06/16,00:00:00,34.8500000,35.1500000,34.2500000,35.1500000,13200
KMAZ,D,17/06/16,00:00:00,35.0000000,35.2500000,34.7500000,35.0500000,13400
KMAZ,D,20/06/16,00:00:00,35.3500000,35.8500000,34.8000000,35.3000000,15800
KMAZ,D,21/06/16,00:00:00,35.0000000,35.2500000,34.8000000,35.0000000,3900
KMAZ,D,22/06/16,00:00:00,35.0000000,35.0500000,34.7500000,34.9500000,6700
KMAZ,D,23/06/16,00:00:00,34.9000000,35.0000000,34.6000000,35.0000000,8100
KMAZ,D,24/06/16,00:00:00,34.5000000,35.0000000,34.1500000,34.8500000,45700
KMAZ,D,27/06/16,00:00:00,34.8500000,34.9500000,34.7000000,34.7000000,12100
KMAZ,D,28/06/16,00:00:00,34.7500000,35.6000000,34.7500000,34.8500000,31100
KMAZ,D,29/06/16,00:00:00,34.9000000,35.1000000,34.8500000,34.9500000,3700
KMAZ,D,30/06/16,00:00:00,34.9000000,35.0000000,34.6000000,35.0000000,10500
KMAZ,D,01/07/16,00:00:00,34.7500000,34.9500000,34.6500000,34.9500000,10000
KMAZ,D,04/07/16,00:00:00,34.6500000,35.3500000,34.6000000,35.3500000,25500
KMAZ,D,05/07/16,00:00:00,35.3000000,35.4000000,35.1500000,35.4000000,18200
KMAZ,D,06/07/16,00:00:00,35.5000000,35.7000000,35.2500000,35.3500000,4300
KMAZ,D,07/07/16,00:00:00,35.4000000,35.4000000,35.2000000,35.2000000,1000
KMAZ,D,08/07/16,00:00:00,35.4000000,35.4000000,34.8500000,35.0000000,6500
KMAZ,D,11/07/16,00:00:00,35.1000000,35.4500000,34.6500000,35.0500000,17300
KMAZ,D,12/07/16,00:00:00,34.9500000,35.9000000,34.8500000,35.7000000,34600
KMAZ,D,13/07/16,00:00:00,35.6500000,36.3000000,35.1000000,35.5500000,48900
KMAZ,D,14/07/16,00:00:00,35.5000000,35.8000000,34.8000000,34.9500000,60200
KMAZ,D,15/07/16,00:00:00,34.8000000,35.0000000,34.6500000,34.9000000,15000
KMAZ,D,18/07/16,00:00:00,34.9000000,35.7000000,34.7500000,35.4500000,66500
KMAZ,D,19/07/16,00:00:00,35.2000000,36.0000000,35.2000000,35.6500000,68500
KMAZ,D,20/07/16,00:00:00,35.7000000,35.7000000,34.8500000,34.9500000,35500
KMAZ,D,21/07/16,00:00:00,35.0000000,35.4500000,34.8500000,35.1500000,31100
KMAZ,D,22/07/16,00:00:00,35.3000000,35.3000000,35.0500000,35.1000000,4600
KMAZ,D,25/07/16,00:00:00,35.1500000,35.2500000,34.5000000,34.9000000,53000
KMAZ,D,26/07/16,00:00:00,35.1000000,35.1500000,34.8500000,35.0500000,42100
KMAZ,D,27/07/16,00:00:00,34.9500000,35.3500000,34.8000000,34.9500000,8900
KMAZ,D,28/07/16,00:00:00,35.1000000,35.2000000,34.8500000,34.9500000,13000
KMAZ,D,29/07/16,00:00:00,35.1000000,35.1000000,34.8500000,34.9500000,75300
KMAZ,D,01/08/16,00:00:00,35.0500000,35.2500000,34.6500000,34.8500000,25000
KMAZ,D,02/08/16,00:00:00,34.9000000,34.9000000,34.6000000,34.6000000,48500
KMAZ,D,03/08/16,00:00:00,34.7500000,35.0000000,34.7500000,34.8000000,15900
KMAZ,D,04/08/16,00:00:00,34.7000000,35.1000000,34.6500000,35.0000000,16800
KMAZ,D,05/08/16,00:00:00,35.0000000,35.1500000,34.7500000,35.1500000,11500
KMAZ,D,08/08/16,00:00:00,35.1000000,35.1000000,34.6500000,35.0000000,29100
KMAZ,D,09/08/16,00:00:00,35.0500000,36.2000000,35.0500000,35.4500000,111900
KMAZ,D,10/08/16,00:00:00,35.5000000,37.0000000,34.6000000,36.5500000,136000
KMAZ,D,11/08/16,00:00:00,36.6500000,36.9000000,35.7000000,36.2500000,80400
KMAZ,D,12/08/16,00:00:00,36.4000000,36.5000000,35.9000000,36.1000000,39400
KMAZ,D,15/08/16,00:00:00,36.1000000,36.5000000,35.9000000,36.3000000,40400
KMAZ,D,16/08/16,00:00:00,36.5500000,36.8500000,35.9500000,36.3000000,35400
KMAZ,D,17/08/16,00:00:00,36.0000000,36.2000000,35.0000000,35.3000000,60400
KMAZ,D,18/08/16,00:00:00,35.2500000,35.3000000,35.0000000,35.2000000,30100
KMAZ,D,19/08/16,00:00:00,35.1500000,35.6000000,35.1500000,35.4500000,18900
KMAZ,D,22/08/16,00:00:00,35.3500000,35.7000000,35.2500000,35.5500000,17600
KMAZ,D,23/08/16,00:00:00,35.6500000,35.8000000,35.1000000,35.3500000,28500
KMAZ,D,24/08/16,00:00:00,35.5000000,35.5500000,35.2500000,35.5000000,14800
KMAZ,D,25/08/16,00:00:00,35.5000000,36.2000000,35.4500000,36.1500000,45100
KMAZ,D,26/08/16,00:00:00,36.3000000,36.9000000,36.0000000,36.1500000,26600
KMAZ,D,29/08/16,00:00:00,36.3500000,36.4500000,35.7000000,35.9500000,23800
KMAZ,D,30/08/16,00:00:00,35.8500000,35.8500000,35.3500000,35.6000000,62600
KMAZ,D,31/08/16,00:00:00,35.5500000,36.1500000,35.3500000,35.8000000,28900
KMAZ,D,01/09/16,00:00:00,35.7000000,36.2000000,35.5000000,35.8500000,30200
KMAZ,D,02/09/16,00:00:00,35.9500000,36.2500000,35.5000000,36.0000000,25200
KMAZ,D,05/09/16,00:00:00,36.1000000,36.6000000,35.8500000,36.2000000,56300
KMAZ,D,06/09/16,00:00:00,36.5000000,36.9500000,36.1500000,36.3000000,41900
KMAZ,D,07/09/16,00:00:00,36.5500000,37.0000000,36.2500000,36.5500000,37000
KMAZ,D,08/09/16,00:00:00,36.8000000,36.9500000,36.2500000,36.6000000,54700
KMAZ,D,09/09/16,00:00:00,36.3500000,38.2000000,36.3500000,37.4000000,139400
KMAZ,D,12/09/16,00:00:00,38.1000000,38.7000000,36.6500000,37.0000000,94400
KMAZ,D,13/09/16,00:00:00,36.9000000,37.1000000,36.0000000,36.5000000,45500
KMAZ,D,14/09/16,00:00:00,36.6000000,37.0000000,36.1500000,36.6000000,60800
KMAZ,D,15/09/16,00:00:00,36.7000000,37.0000000,36.2000000,36.4000000,13400
KMAZ,D,16/09/16,00:00:00,36.2000000,37.2000000,36.0500000,36.7500000,39300
KMAZ,D,19/09/16,00:00:00,36.8000000,37.3000000,36.4500000,37.0000000,37500
KMAZ,D,20/09/16,00:00:00,36.8000000,37.0500000,36.5000000,37.0500000,29000
KMAZ,D,21/09/16,00:00:00,36.8000000,38.6000000,36.8000000,37.7000000,180300
KMAZ,D,22/09/16,00:00:00,38.1000000,38.1500000,37.5500000,37.9500000,46200
KMAZ,D,23/09/16,00:00:00,38.0000000,44.3000000,38.0000000,43.2500000,810000
KMAZ,D,26/09/16,00:00:00,44.2500000,51.4500000,43.4000000,46.8000000,930200
KMAZ,D,27/09/16,00:00:00,48.7000000,48.8000000,42.1500000,44.1000000,328900
KMAZ,D,28/09/16,00:00:00,44.0500000,44.0500000,41.9500000,43.2000000,131200
KMAZ,D,29/09/16,00:00:00,43.3000000,44.4500000,41.3500000,43.8500000,146600
KMAZ,D,30/09/16,00:00:00,43.7500000,44.3000000,42.8500000,43.7000000,31900
KMAZ,D,03/10/16,00:00:00,43.9000000,46.9000000,43.2000000,45.4500000,98100
KMAZ,D,04/10/16,00:00:00,45.7000000,45.7500000,43.8500000,44.1500000,66700
KMAZ,D,05/10/16,00:00:00,43.8500000,44.4000000,42.8500000,43.9000000,28500
KMAZ,D,06/10/16,00:00:00,43.9000000,44.2000000,43.4000000,44.0500000,32600
KMAZ,D,07/10/16,00:00:00,43.9000000,44.3000000,43.5000000,44.1000000,117200
KMAZ,D,10/10/16,00:00:00,44.1500000,44.7000000,43.5000000,44.5000000,36300
KMAZ,D,11/10/16,00:00:00,44.5500000,46.9000000,44.5000000,45.7000000,136000
KMAZ,D,12/10/16,00:00:00,46.1000000,46.1500000,45.2000000,45.2500000,40300
KMAZ,D,13/10/16,00:00:00,45.2000000,45.3500000,43.9000000,44.1500000,17900
KMAZ,D,14/10/16,00:00:00,44.4000000,44.4000000,43.9000000,44.0000000,12100
KMAZ,D,17/10/16,00:00:00,44.0500000,45.9500000,43.9000000,45.3500000,69500
KMAZ,D,18/10/16,00:00:00,45.5000000,46.9000000,45.4000000,45.5000000,51300
KMAZ,D,19/10/16,00:00:00,45.5500000,45.5500000,44.3000000,44.9000000,39500
KMAZ,D,20/10/16,00:00:00,44.8500000,44.8500000,44.4000000,44.4000000,7900
KMAZ,D,21/10/16,00:00:00,44.2500000,44.6000000,44.0000000,44.0000000,19700
KMAZ,D,24/10/16,00:00:00,43.9500000,45.0000000,43.4000000,44.9000000,82100
KMAZ,D,25/10/16,00:00:00,44.6500000,45.3000000,44.4000000,44.6000000,37800
KMAZ,D,26/10/16,00:00:00,44.3000000,44.7500000,43.7500000,44.2000000,63500
KMAZ,D,27/10/16,00:00:00,43.8500000,44.3000000,43.8000000,44.0000000,23200
KMAZ,D,28/10/16,00:00:00,43.8500000,44.5500000,43.8000000,44.2000000,24700
KMAZ,D,31/10/16,00:00:00,44.7000000,44.7000000,43.8000000,44.0000000,84700
KMAZ,D,01/11/16,00:00:00,44.2000000,44.4500000,44.0000000,44.0000000,37900
KMAZ,D,02/11/16,00:00:00,44.1500000,44.3000000,43.7500000,44.0500000,78300
KMAZ,D,03/11/16,00:00:00,44.1000000,44.2500000,43.8500000,43.9500000,8200
KMAZ,D,07/11/16,00:00:00,44.1000000,44.1500000,43.4000000,44.0000000,82800
KMAZ,D,08/11/16,00:00:00,44.0000000,44.1000000,43.8500000,44.0500000,15000
KMAZ,D,09/11/16,00:00:00,43.6000000,44.1000000,43.5000000,44.0000000,15500
KMAZ,D,10/11/16,00:00:00,44.0000000,44.7000000,43.8000000,44.0500000,49800
KMAZ,D,11/11/16,00:00:00,44.1000000,45.0000000,43.8000000,44.4500000,101900
KMAZ,D,14/11/16,00:00:00,44.7000000,46.4500000,44.2000000,46.1500000,112100
KMAZ,D,15/11/16,00:00:00,46.6000000,48.8500000,46.6000000,47.9500000,213300
KMAZ,D,16/11/16,00:00:00,48.0000000,49.9500000,46.1000000,46.8000000,119900
KMAZ,D,17/11/16,00:00:00,47.2000000,47.2500000,45.7000000,46.8000000,105500
KMAZ,D,18/11/16,00:00:00,46.3000000,46.7000000,45.6500000,46.5000000,55100
KMAZ,D,21/11/16,00:00:00,45.8000000,47.6000000,45.0000000,47.2000000,40200
KMAZ,D,22/11/16,00:00:00,47.0000000,47.4500000,46.5500000,46.5500000,12700
KMAZ,D,23/11/16,00:00:00,46.4500000,46.9000000,46.2500000,46.2500000,11300
KMAZ,D,24/11/16,00:00:00,46.2000000,46.2000000,45.4500000,45.7500000,25500
KMAZ,D,25/11/16,00:00:00,45.9000000,46.8500000,45.7000000,46.3000000,39200
KMAZ,D,28/11/16,00:00:00,46.5500000,46.8500000,46.0000000,46.0000000,43200
KMAZ,D,29/11/16,00:00:00,46.1500000,46.8000000,46.1000000,46.8000000,36700
KMAZ,D,30/11/16,00:00:00,46.8000000,46.8000000,46.5000000,46.6500000,15900
KMAZ,D,01/12/16,00:00:00,46.3500000,46.6000000,46.0500000,46.4500000,28200
KMAZ,D,02/12/16,00:00:00,46.0000000,46.7500000,45.5000000,46.7500000,77600
KMAZ,D,05/12/16,00:00:00,46.3500000,47.5000000,46.1000000,47.3500000,50400
KMAZ,D,06/12/16,00:00:00,47.3500000,47.4500000,47.0500000,47.1500000,13000
KMAZ,D,07/12/16,00:00:00,47.4000000,49.9500000,47.0500000,48.0000000,118500
KMAZ,D,08/12/16,00:00:00,48.5000000,52.5000000,48.2000000,52.4500000,251400
KMAZ,D,09/12/16,00:00:00,51.9000000,55.5000000,50.5000000,51.4000000,287100
KMAZ,D,12/12/16,00:00:00,51.4000000,51.6500000,49.5000000,51.0000000,152600
KMAZ,D,13/12/16,00:00:00,51.1000000,51.1000000,49.8500000,50.3000000,39400
KMAZ,D,14/12/16,00:00:00,50.5000000,50.6000000,49.8000000,50.2000000,48100
KMAZ,D,15/12/16,00:00:00,50.1500000,50.8000000,50.0000000,50.3000000,27200
KMAZ,D,16/12/16,00:00:00,51.0000000,51.0000000,50.1500000,50.1500000,45800
KMAZ,D,19/12/16,00:00:00,50.6500000,54.3000000,50.6000000,52.2500000,172600
KMAZ,D,20/12/16,00:00:00,52.7500000,53.6500000,50.5000000,50.8500000,92000
KMAZ,D,21/12/16,00:00:00,51.1500000,51.2500000,48.8000000,49.1500000,110700
KMAZ,D,22/12/16,00:00:00,49.8000000,49.8000000,46.8500000,47.3000000,131300
KMAZ,D,23/12/16,00:00:00,48.0500000,48.5000000,47.2000000,48.2500000,52300
KMAZ,D,26/12/16,00:00:00,48.1000000,49.2000000,47.9000000,48.6000000,26100
KMAZ,D,27/12/16,00:00:00,48.8000000,49.5000000,48.1000000,48.1000000,34700
KMAZ,D,28/12/16,00:00:00,48.4500000,48.8000000,47.2000000,47.8000000,35700
KMAZ,D,29/12/16,00:00:00,48.0000000,48.3500000,47.5000000,48.2500000,15100
KMAZ,D,30/12/16,00:00:00,48.7500000,50.9500000,48.7000000,48.9500000,34400
KMAZ,D,03/01/17,00:00:00,48.9000000,49.8000000,48.9000000,49.4500000,15200
KMAZ,D,04/01/17,00:00:00,49.4500000,49.8500000,49.2000000,49.5000000,13600
KMAZ,D,05/01/17,00:00:00,49.4000000,49.4500000,48.7000000,49.2000000,30600
KMAZ,D,06/01/17,00:00:00,48.7500000,49.0500000,48.6000000,49.0000000,10800
KMAZ,D,09/01/17,00:00:00,48.7000000,49.2000000,48.7000000,49.0500000,14200
KMAZ,D,10/01/17,00:00:00,49.1000000,49.4500000,48.8000000,48.9500000,18800
KMAZ,D,11/01/17,00:00:00,49.0500000,49.5000000,48.0500000,48.3500000,60100
KMAZ,D,12/01/17,00:00:00,48.3500000,50.2500000,47.4500000,49.5500000,113500
KMAZ,D,13/01/17,00:00:00,49.8000000,49.8000000,48.5500000,48.7500000,15600
KMAZ,D,16/01/17,00:00:00,49.0500000,50.1000000,48.2500000,48.4500000,55500
KMAZ,D,17/01/17,00:00:00,48.9000000,48.9000000,48.3500000,48.6000000,13500
KMAZ,D,18/01/17,00:00:00,48.9500000,48.9500000,48.2500000,48.7000000,12400
KMAZ,D,19/01/17,00:00:00,48.9500000,48.9500000,48.2000000,48.8500000,21100
KMAZ,D,20/01/17,00:00:00,48.5500000,49.5000000,48.3500000,49.0000000,75400
KMAZ,D,23/01/17,00:00:00,49.1000000,49.1000000,48.6500000,48.7000000,10700
KMAZ,D,24/01/17,00:00:00,48.8000000,53.0500000,48.4500000,51.3000000,254400
KMAZ,D,25/01/17,00:00:00,51.8500000,52.0000000,50.4500000,51.0000000,59700
KMAZ,D,26/01/17,00:00:00,51.0500000,52.0000000,50.4000000,50.6500000,41700
KMAZ,D,27/01/17,00:00:00,50.3000000,51.9500000,50.2500000,50.4000000,43200
KMAZ,D,30/01/17,00:00:00,50.0500000,51.8500000,50.0000000,50.9500000,16300
KMAZ,D,31/01/17,00:00:00,50.9500000,52.3000000,50.5500000,52.1000000,29000
KMAZ,D,01/02/17,00:00:00,52.0500000,53.9000000,52.0500000,53.0000000,73600
KMAZ,D,02/02/17,00:00:00,53.7500000,54.3500000,53.2000000,53.5500000,74400
KMAZ,D,03/02/17,00:00:00,53.9500000,54.3500000,52.0500000,53.3500000,33800
KMAZ,D,06/02/17,00:00:00,53.1500000,53.6500000,52.2500000,53.0000000,17100
KMAZ,D,07/02/17,00:00:00,53.0000000,53.5000000,52.8500000,53.1000000,15500
KMAZ,D,08/02/17,00:00:00,53.0500000,53.4500000,52.9500000,53.0000000,54800
KMAZ,D,09/02/17,00:00:00,53.5000000,58.0000000,53.5000000,54.8000000,454100
KMAZ,D,10/02/17,00:00:00,54.6500000,57.0000000,54.6500000,55.9000000,106100
KMAZ,D,13/02/17,00:00:00,55.3000000,56.0000000,54.2500000,54.9500000,103800
KMAZ,D,14/02/17,00:00:00,54.2500000,55.3000000,54.2500000,55.0000000,24500
KMAZ,D,15/02/17,00:00:00,54.7000000,57.5000000,54.6000000,56.6000000,95700
KMAZ,D,16/02/17,00:00:00,57.0000000,57.8500000,56.7000000,57.4000000,70600
KMAZ,D,17/02/17,00:00:00,57.5500000,59.1500000,57.2500000,58.4500000,113600
KMAZ,D,20/02/17,00:00:00,58.6500000,58.9000000,57.8500000,58.4500000,43100
KMAZ,D,21/02/17,00:00:00,58.7000000,58.7500000,57.7500000,58.3500000,33900
KMAZ,D,22/02/17,00:00:00,58.2000000,58.2500000,57.4000000,58.0000000,70900
KMAZ,D,24/02/17,00:00:00,57.9000000,58.0500000,57.1500000,57.9000000,76100
KMAZ,D,27/02/17,00:00:00,58.0000000,58.5000000,57.2000000,57.6000000,124800
KMAZ,D,28/02/17,00:00:00,57.5500000,57.5500000,54.0000000,55.5000000,290800
KMAZ,D,01/03/17,00:00:00,55.5000000,56.7500000,54.8500000,55.5500000,145600
KMAZ,D,02/03/17,00:00:00,55.6500000,57.4500000,55.5500000,57.1000000,69300
KMAZ,D,03/03/17,00:00:00,57.7500000,58.1000000,55.8500000,57.6500000,123600
KMAZ,D,06/03/17,00:00:00,57.7500000,58.0000000,57.4000000,57.6000000,40600
KMAZ,D,07/03/17,00:00:00,57.7000000,58.3000000,56.6500000,56.8000000,45500
KMAZ,D,09/03/17,00:00:00,57.7000000,57.7000000,56.0000000,56.3500000,151000
KMAZ,D,10/03/17,00:00:00,56.0500000,57.3000000,55.8000000,56.8000000,79800
KMAZ,D,13/03/17,00:00:00,57.6000000,58.0000000,56.4500000,57.2000000,41600
KMAZ,D,14/03/17,00:00:00,57.5000000,58.0000000,57.0000000,57.0000000,27000
KMAZ,D,15/03/17,00:00:00,57.0500000,57.4000000,56.6000000,57.0500000,47100
KMAZ,D,16/03/17,00:00:00,57.0500000,57.4000000,56.6000000,57.1500000,22500
KMAZ,D,17/03/17,00:00:00,57.3500000,61.8000000,57.2000000,59.6000000,242800
KMAZ,D,20/03/17,00:00:00,59.9500000,59.9500000,57.5500000,58.6000000,90500
KMAZ,D,21/03/17,00:00:00,58.9500000,59.1500000,57.8500000,59.0000000,25900
KMAZ,D,22/03/17,00:00:00,58.7000000,59.0500000,58.4500000,59.0000000,64300
KMAZ,D,23/03/17,00:00:00,59.0000000,60.3500000,59.0000000,59.0500000,170200
KMAZ,D,24/03/17,00:00:00,58.8500000,59.3000000,58.8000000,59.3000000,7800
KMAZ,D,27/03/17,00:00:00,58.9500000,59.4500000,57.5000000,57.6000000,55100
KMAZ,D,28/03/17,00:00:00,57.3500000,58.0500000,55.0500000,58.0000000,58700
KMAZ,D,29/03/17,00:00:00,57.5500000,57.5500000,57.0000000,57.4000000,20300
KMAZ,D,30/03/17,00:00:00,57.6000000,58.6500000,57.2500000,58.2500000,44500
KMAZ,D,31/03/17,00:00:00,58.9500000,58.9500000,57.8500000,57.8500000,28400
KMAZ,D,03/04/17,00:00:00,58.5500000,58.6500000,58.0000000,58.3000000,6900
KMAZ,D,04/04/17,00:00:00,58.4000000,58.7500000,58.3000000,58.7000000,12900
KMAZ,D,05/04/17,00:00:00,58.9500000,59.6000000,58.0000000,59.2000000,74100
KMAZ,D,06/04/17,00:00:00,59.1000000,59.9500000,58.1000000,59.0500000,271900
KMAZ,D,07/04/17,00:00:00,59.0500000,59.6000000,58.8500000,59.0000000,85300
KMAZ,D,10/04/17,00:00:00,59.0000000,59.0500000,55.0500000,58.1500000,65800
KMAZ,D,11/04/17,00:00:00,57.4500000,57.9000000,57.0000000,57.5000000,18100
KMAZ,D,12/04/17,00:00:00,57.9000000,58.3500000,56.0500000,56.1000000,38800
KMAZ,D,13/04/17,00:00:00,56.0000000,57.9000000,55.8000000,56.2000000,35100
KMAZ,D,14/04/17,00:00:00,57.1500000,57.1500000,55.5000000,55.7500000,24900
KMAZ,D,17/04/17,00:00:00,55.5500000,57.9000000,55.3000000,57.6000000,58700
KMAZ,D,18/04/17,00:00:00,57.1500000,58.4000000,56.8500000,57.0000000,22300
KMAZ,D,19/04/17,00:00:00,57.0500000,59.5000000,56.8500000,57.1500000,34000
KMAZ,D,20/04/17,00:00:00,57.0000000,58.5500000,55.6500000,58.0500000,100900
KMAZ,D,21/04/17,00:00:00,57.5500000,58.0000000,56.4000000,56.7000000,33900
KMAZ,D,24/04/17,00:00:00,57.4000000,57.4500000,53.5000000,56.0500000,155400
KMAZ,D,25/04/17,00:00:00,56.4500000,57.3000000,56.4500000,57.1500000,27300
KMAZ,D,26/04/17,00:00:00,57.0000000,57.6500000,57.0000000,57.1500000,14800
KMAZ,D,27/04/17,00:00:00,57.0000000,57.2000000,56.5000000,57.0000000,10100
KMAZ,D,28/04/17,00:00:00,57.2500000,58.0000000,57.1000000,57.3500000,10800
KMAZ,D,02/05/17,00:00:00,57.0500000,57.7000000,57.0000000,57.4000000,27800
KMAZ,D,03/05/17,00:00:00,57.4500000,57.6500000,57.0000000,57.0000000,6700
KMAZ,D,04/05/17,00:00:00,57.1000000,58.0000000,57.0000000,57.1000000,16400
KMAZ,D,05/05/17,00:00:00,57.1500000,57.8500000,56.5500000,57.0500000,22600
KMAZ,D,10/05/17,00:00:00,56.9500000,57.8500000,56.8500000,57.0000000,14200
KMAZ,D,11/05/17,00:00:00,57.2500000,57.2500000,55.5000000,56.2000000,28600
KMAZ,D,12/05/17,00:00:00,56.2500000,56.2500000,55.1000000,55.8500000,6600
KMAZ,D,15/05/17,00:00:00,56.1000000,56.3000000,55.1500000,56.3000000,6400
KMAZ,D,16/05/17,00:00:00,56.3000000,56.3500000,54.8000000,55.0000000,14300
KMAZ,D,17/05/17,00:00:00,54.7000000,55.2500000,50.0000000,55.2500000,70000
KMAZ,D,18/05/17,00:00:00,55.6500000,55.6500000,53.5500000,53.8500000,10000
KMAZ,D,19/05/17,00:00:00,54.2000000,54.2000000,52.8000000,52.9000000,4900
KMAZ,D,22/05/17,00:00:00,53.3500000,53.7500000,52.4500000,53.5500000,28100
KMAZ,D,23/05/17,00:00:00,54.0000000,55.9500000,54.0000000,55.4000000,29100
KMAZ,D,24/05/17,00:00:00,55.7500000,56.3500000,53.8500000,54.6000000,48200
KMAZ,D,25/05/17,00:00:00,54.4500000,54.4500000,54.0000000,54.4500000,11700
KMAZ,D,26/05/17,00:00:00,54.3000000,56.7000000,53.7000000,54.5000000,32900
KMAZ,D,29/05/17,00:00:00,54.5000000,55.4500000,53.9500000,54.6000000,5400
KMAZ,D,30/05/17,00:00:00,54.7000000,55.0000000,53.5000000,54.0000000,20200
KMAZ,D,31/05/17,00:00:00,54.0000000,54.2500000,53.2500000,53.2500000,13300
KMAZ,D,01/06/17,00:00:00,54.3000000,54.3000000,52.3000000,52.6500000,6500
KMAZ,D,02/06/17,00:00:00,53.0500000,53.6000000,52.2500000,52.6000000,11100
KMAZ,D,05/06/17,00:00:00,52.9500000,53.2500000,52.7000000,52.8000000,2600
KMAZ,D,06/06/17,00:00:00,52.8500000,53.6500000,52.1000000,52.7500000,18400
KMAZ,D,07/06/17,00:00:00,52.6000000,52.6000000,50.8500000,51.0000000,43100
KMAZ,D,08/06/17,00:00:00,51.4000000,51.4000000,49.9500000,50.5000000,47700
KMAZ,D,09/06/17,00:00:00,50.4500000,50.7000000,49.6500000,50.7000000,155600
KMAZ,D,13/06/17,00:00:00,50.7000000,51.4000000,50.0000000,50.6500000,72000
KMAZ,D,14/06/17,00:00:00,50.6500000,50.6500000,50.2500000,50.5000000,2400
KMAZ,D,15/06/17,00:00:00,50.1000000,50.8000000,50.0000000,50.0500000,28500
KMAZ,D,16/06/17,00:00:00,50.0500000,50.2000000,49.4000000,49.9000000,37500
KMAZ,D,19/06/17,00:00:00,50.3500000,50.4500000,49.5500000,50.0500000,20500
KMAZ,D,20/06/17,00:00:00,50.4500000,51.3500000,50.1000000,50.1000000,28400
KMAZ,D,21/06/17,00:00:00,50.3500000,50.3500000,49.7500000,50.3500000,600
KMAZ,D,22/06/17,00:00:00,50.4500000,50.4500000,50.1000000,50.3500000,3300
KMAZ,D,23/06/17,00:00:00,50.8500000,51.8500000,50.6500000,51.0000000,7000
KMAZ,D,26/06/17,00:00:00,52.4500000,52.5000000,50.2000000,50.8000000,7300
KMAZ,D,27/06/17,00:00:00,51.3000000,51.3000000,50.1500000,50.4000000,9600
KMAZ,D,28/06/17,00:00:00,50.4000000,51.1500000,49.5000000,50.8000000,57200
KMAZ,D,29/06/17,00:00:00,50.9000000,51.5500000,50.9000000,51.0500000,34500
KMAZ,D,30/06/17,00:00:00,50.8000000,52.5000000,50.7500000,51.6500000,33700
KMAZ,D,03/07/17,00:00:00,51.6500000,52.0500000,50.5500000,50.5500000,6600
KMAZ,D,04/07/17,00:00:00,51.7500000,51.8000000,51.0000000,51.3500000,3500
KMAZ,D,05/07/17,00:00:00,51.3500000,51.5500000,51.0000000,51.2500000,5900
KMAZ,D,06/07/17,00:00:00,51.4000000,51.4500000,50.2500000,50.6000000,14500
KMAZ,D,07/07/17,00:00:00,50.5500000,51.1000000,50.4000000,50.5000000,5400
KMAZ,D,10/07/17,00:00:00,51.0000000,51.7500000,50.8000000,51.5000000,41700
KMAZ,D,11/07/17,00:00:00,51.4000000,51.5500000,51.2000000,51.4500000,18300
KMAZ,D,12/07/17,00:00:00,51.4500000,52.0000000,51.3000000,51.4000000,16500
KMAZ,D,13/07/17,00:00:00,51.4500000,51.8000000,51.4000000,51.5500000,13600
KMAZ,D,14/07/17,00:00:00,51.5000000,54.2500000,51.5000000,53.5500000,68000
KMAZ,D,17/07/17,00:00:00,53.7500000,57.5500000,53.5500000,54.0000000,47000
KMAZ,D,18/07/17,00:00:00,53.1500000,53.9000000,53.0000000,53.3000000,18100
KMAZ,D,19/07/17,00:00:00,53.1500000,53.5000000,52.8500000,53.2000000,5400
KMAZ,D,20/07/17,00:00:00,52.8000000,53.0000000,52.3000000,52.6000000,16100
KMAZ,D,21/07/17,00:00:00,52.1500000,52.1500000,51.4000000,51.4000000,11400
KMAZ,D,24/07/17,00:00:00,51.9500000,52.0000000,51.4000000,51.9500000,26800
KMAZ,D,25/07/17,00:00:00,51.9000000,51.9000000,50.7000000,50.9000000,16300
KMAZ,D,26/07/17,00:00:00,50.8000000,51.4500000,50.8000000,51.4000000,11800
KMAZ,D,27/07/17,00:00:00,51.4000000,52.0000000,51.4000000,52.0000000,7700
KMAZ,D,28/07/17,00:00:00,51.3000000,51.8000000,51.2500000,51.8000000,2600
KMAZ,D,31/07/17,00:00:00,51.7500000,51.7500000,51.3500000,51.6500000,3400
KMAZ,D,01/08/17,00:00:00,51.3000000,51.9000000,51.3000000,51.8500000,2400
KMAZ,D,02/08/17,00:00:00,52.1000000,52.5000000,52.0000000,52.5000000,9200
KMAZ,D,03/08/17,00:00:00,52.2000000,52.4000000,52.0500000,52.0500000,2000
KMAZ,D,04/08/17,00:00:00,52.4000000,53.7500000,52.4000000,53.3500000,15300
KMAZ,D,07/08/17,00:00:00,52.9500000,54.0500000,52.9500000,53.9500000,14500
KMAZ,D,08/08/17,00:00:00,54.1000000,55.6500000,53.7500000,54.0500000,10800
KMAZ,D,09/08/17,00:00:00,53.8500000,53.8500000,52.5000000,52.5000000,8300
KMAZ,D,10/08/17,00:00:00,53.5500000,54.4500000,52.7500000,53.8500000,7800
KMAZ,D,11/08/17,00:00:00,53.0000000,53.8500000,52.0500000,52.8000000,7700
KMAZ,D,14/08/17,00:00:00,52.5000000,52.8000000,51.6000000,52.3000000,16100
KMAZ,D,15/08/17,00:00:00,52.3000000,53.3000000,51.7500000,52.3000000,8800
KMAZ,D,16/08/17,00:00:00,52.4000000,53.5500000,52.4000000,53.2000000,14600
KMAZ,D,17/08/17,00:00:00,52.8500000,54.8000000,52.8500000,54.1000000,6000
KMAZ,D,18/08/17,00:00:00,54.8000000,54.9000000,52.9000000,53.2500000,9000
KMAZ,D,21/08/17,00:00:00,52.2500000,54.0000000,52.2500000,53.4500000,5100
KMAZ,D,22/08/17,00:00:00,53.5000000,53.8000000,52.6000000,53.0000000,3300
KMAZ,D,23/08/17,00:00:00,53.8500000,53.8500000,52.0000000,52.0000000,36900
KMAZ,D,24/08/17,00:00:00,52.1500000,56.7500000,52.1000000,53.4500000,63100
KMAZ,D,25/08/17,00:00:00,53.1500000,54.0000000,53.0000000,53.5000000,10000
KMAZ,D,28/08/17,00:00:00,53.7500000,55.4000000,53.7000000,54.6500000,27600
KMAZ,D,29/08/17,00:00:00,54.2500000,54.3000000,53.2000000,53.8000000,6200
KMAZ,D,30/08/17,00:00:00,53.4000000,54.2500000,53.0000000,53.2500000,15300
KMAZ,D,31/08/17,00:00:00,53.6000000,54.0500000,53.2500000,53.9000000,15200
KMAZ,D,01/09/17,00:00:00,53.9000000,53.9000000,52.6500000,53.3500000,13200
KMAZ,D,04/09/17,00:00:00,53.8500000,53.8500000,51.8500000,52.9000000,15600
KMAZ,D,05/09/17,00:00:00,52.7000000,52.9000000,52.3000000,52.3500000,6200
KMAZ,D,06/09/17,00:00:00,52.1000000,52.5000000,51.9500000,52.3000000,7500
KMAZ,D,07/09/17,00:00:00,52.6500000,53.1000000,52.4000000,52.4000000,64800
KMAZ,D,08/09/17,00:00:00,52.7000000,52.7000000,52.2000000,52.4000000,72200
KMAZ,D,11/09/17,00:00:00,52.1500000,52.7500000,51.8000000,52.2500000,273300
KMAZ,D,12/09/17,00:00:00,52.4000000,53.8500000,51.0500000,53.1000000,271500
KMAZ,D,13/09/17,00:00:00,53.2000000,53.2000000,52.7000000,52.7000000,23200
KMAZ,D,14/09/17,00:00:00,52.9000000,52.9000000,52.2500000,52.5000000,7000
KMAZ,D,15/09/17,00:00:00,52.1000000,52.9000000,52.1000000,52.8500000,3600
KMAZ,D,18/09/17,00:00:00,52.4500000,52.8500000,52.4000000,52.8000000,3800
KMAZ,D,19/09/17,00:00:00,52.7500000,53.1000000,52.0000000,52.9000000,47700
KMAZ,D,20/09/17,00:00:00,53.2000000,54.2500000,53.2000000,53.7000000,43100
KMAZ,D,21/09/17,00:00:00,53.3500000,53.9500000,53.3000000,53.8500000,8500
KMAZ,D,22/09/17,00:00:00,53.5500000,53.5500000,52.6500000,53.5000000,28900
KMAZ,D,25/09/17,00:00:00,52.9500000,53.8000000,52.9500000,53.4000000,16300
KMAZ,D,26/09/17,00:00:00,53.8000000,54.2000000,53.2500000,54.0000000,20900
KMAZ,D,27/09/17,00:00:00,53.7000000,54.1000000,53.4500000,53.8500000,8900
KMAZ,D,28/09/17,00:00:00,54.0500000,54.8000000,53.4000000,54.1500000,29100
KMAZ,D,29/09/17,00:00:00,54.7500000,55.0000000,53.9000000,54.0000000,32500
KMAZ,D,02/10/17,00:00:00,54.0500000,54.0500000,52.4500000,53.0000000,84300
KMAZ,D,03/10/17,00:00:00,52.7500000,53.5000000,52.5500000,52.9000000,12900
KMAZ,D,04/10/17,00:00:00,53.3500000,53.8000000,52.2500000,52.7000000,33400
KMAZ,D,05/10/17,00:00:00,53.1000000,53.1000000,52.0500000,52.4000000,33700
KMAZ,D,06/10/17,00:00:00,52.2500000,53.8000000,52.2500000,52.9500000,18900
KMAZ,D,09/10/17,00:00:00,53.0500000,53.5000000,52.5000000,53.2500000,34100
KMAZ,D,10/10/17,00:00:00,53.0000000,53.5000000,52.8500000,53.2000000,31400
KMAZ,D,11/10/17,00:00:00,53.1500000,53.3000000,52.8500000,53.3000000,16300
KMAZ,D,12/10/17,00:00:00,53.2000000,54.1500000,53.1500000,53.9000000,31400
KMAZ,D,13/10/17,00:00:00,56.3500000,59.8000000,55.2000000,57.1000000,239500
KMAZ,D,16/10/17,00:00:00,57.1000000,57.7500000,56.2000000,56.3000000,40300
KMAZ,D,17/10/17,00:00:00,56.1500000,56.1500000,55.2500000,55.7500000,31100
KMAZ,D,18/10/17,00:00:00,55.5500000,57.9500000,55.3000000,57.6000000,47700
KMAZ,D,19/10/17,00:00:00,57.7000000,57.7500000,56.0000000,56.6500000,40300
KMAZ,D,20/10/17,00:00:00,56.5000000,57.2000000,56.2000000,56.2000000,8600
KMAZ,D,23/10/17,00:00:00,56.5500000,57.5000000,56.5500000,57.5000000,38300
KMAZ,D,24/10/17,00:00:00,57.6500000,57.7000000,56.9000000,56.9000000,7200
KMAZ,D,25/10/17,00:00:00,57.6500000,61.9000000,57.2500000,59.9000000,176200
KMAZ,D,26/10/17,00:00:00,58.7000000,59.8500000,58.4000000,59.1500000,35500
KMAZ,D,27/10/17,00:00:00,59.0000000,59.6500000,57.3000000,57.8500000,64500
KMAZ,D,30/10/17,00:00:00,57.5500000,57.9000000,57.0000000,57.6500000,28800
KMAZ,D,31/10/17,00:00:00,57.0500000,59.0000000,56.9500000,57.8500000,65500
KMAZ,D,01/11/17,00:00:00,57.7500000,58.3500000,57.4000000,57.7000000,14900
KMAZ,D,02/11/17,00:00:00,58.0000000,58.6500000,56.9000000,57.0000000,47700
KMAZ,D,03/11/17,00:00:00,57.4500000,58.1500000,56.8000000,57.7500000,19200
KMAZ,D,07/11/17,00:00:00,57.0500000,57.8500000,57.0000000,57.7500000,18800
KMAZ,D,08/11/17,00:00:00,57.7000000,58.4000000,57.1000000,58.0000000,24900
KMAZ,D,09/11/17,00:00:00,57.6000000,59.5000000,57.5500000,58.8500000,110100
KMAZ,D,10/11/17,00:00:00,59.0500000,59.1000000,58.4000000,58.5000000,39100
KMAZ,D,13/11/17,00:00:00,58.5000000,58.5000000,58.0000000,58.0000000,14300
KMAZ,D,14/11/17,00:00:00,57.9500000,58.0000000,56.5000000,56.6500000,52200
KMAZ,D,15/11/17,00:00:00,56.7000000,56.7000000,55.4500000,55.4500000,30800
KMAZ,D,16/11/17,00:00:00,55.7500000,56.4500000,54.4500000,56.1000000,40000
KMAZ,D,17/11/17,00:00:00,56.8500000,56.8500000,55.3500000,55.6500000,3100
KMAZ,D,20/11/17,00:00:00,55.2000000,55.5500000,54.8000000,55.2000000,3700
KMAZ,D,21/11/17,00:00:00,55.4000000,55.4500000,54.3000000,54.3000000,8700
KMAZ,D,22/11/17,00:00:00,54.7500000,55.2000000,54.5500000,54.7000000,6000
KMAZ,D,23/11/17,00:00:00,54.5000000,55.0000000,54.1000000,54.3000000,10800
KMAZ,D,24/11/17,00:00:00,54.5000000,55.2000000,53.5000000,54.3000000,17100
KMAZ,D,27/11/17,00:00:00,54.4000000,55.0000000,54.0000000,54.6500000,13500
KMAZ,D,28/11/17,00:00:00,54.0000000,54.7000000,53.0000000,54.6500000,12700
KMAZ,D,29/11/17,00:00:00,54.4500000,54.4500000,53.8500000,53.8500000,10600
KMAZ,D,30/11/17,00:00:00,53.9500000,53.9500000,51.9000000,52.1500000,55300
KMAZ,D,01/12/17,00:00:00,52.2000000,53.4000000,52.0000000,52.8000000,18200
KMAZ,D,04/12/17,00:00:00,53.1000000,53.1000000,52.3000000,52.3000000,4900
KMAZ,D,05/12/17,00:00:00,52.3000000,54.4500000,51.3500000,53.0000000,50600
KMAZ,D,06/12/17,00:00:00,54.4000000,54.4500000,53.0000000,53.1000000,8100
KMAZ,D,07/12/17,00:00:00,53.3500000,53.6000000,51.6000000,52.6000000,43300
KMAZ,D,08/12/17,00:00:00,52.9000000,53.0000000,52.2000000,52.3500000,12600
KMAZ,D,11/12/17,00:00:00,52.1500000,53.0000000,51.9500000,52.5500000,13100
KMAZ,D,12/12/17,00:00:00,52.7500000,53.0500000,52.0500000,52.6000000,31700
KMAZ,D,13/12/17,00:00:00,52.5000000,52.6000000,52.1000000,52.3000000,4400
KMAZ,D,14/12/17,00:00:00,52.1000000,52.5500000,52.0000000,52.5500000,4300
KMAZ,D,15/12/17,00:00:00,51.9000000,52.4500000,51.7500000,52.2000000,21400
KMAZ,D,18/12/17,00:00:00,52.2000000,52.3500000,51.7000000,52.1500000,14000
KMAZ,D,19/12/17,00:00:00,51.7500000,52.9500000,51.4000000,52.4500000,46000
KMAZ,D,20/12/17,00:00:00,51.9500000,52.2000000,51.3500000,51.8500000,23600
KMAZ,D,21/12/17,00:00:00,51.9000000,52.0500000,51.3500000,51.7500000,13600
KMAZ,D,22/12/17,00:00:00,51.4500000,52.2000000,51.4500000,51.9500000,13700
KMAZ,D,25/12/17,00:00:00,51.7500000,52.2000000,51.7500000,52.1500000,5200
KMAZ,D,26/12/17,00:00:00,52.8500000,52.8500000,51.9000000,52.1000000,4100
KMAZ,D,27/12/17,00:00:00,52.1500000,52.9000000,51.6500000,52.4000000,34200
KMAZ,D,28/12/17,00:00:00,52.2000000,52.6000000,52.1000000,52.4000000,8400
KMAZ,D,29/12/17,00:00:00,52.6000000,52.8000000,52.3000000,52.7000000,17300
KMAZ,D,03/01/18,00:00:00,52.7000000,52.8500000,52.6500000,52.7500000,4600
KMAZ,D,04/01/18,00:00:00,52.9000000,53.8000000,52.8500000,53.7000000,26100
KMAZ,D,05/01/18,00:00:00,53.8000000,54.7000000,53.7000000,54.1500000,22200
KMAZ,D,09/01/18,00:00:00,54.3500000,54.4000000,53.5500000,53.5500000,17600
KMAZ,D,10/01/18,00:00:00,53.8500000,54.1500000,53.2500000,53.8500000,15200
KMAZ,D,11/01/18,00:00:00,53.8500000,54.6000000,52.9000000,53.2500000,102500
KMAZ,D,12/01/18,00:00:00,53.0500000,53.1000000,52.5000000,52.7000000,29800
KMAZ,D,15/01/18,00:00:00,53.2000000,53.2000000,51.9000000,52.5500000,39100
KMAZ,D,16/01/18,00:00:00,52.8000000,53.6500000,52.3500000,52.9000000,88100
KMAZ,D,17/01/18,00:00:00,52.9000000,53.4000000,52.2000000,52.5500000,36000
KMAZ,D,18/01/18,00:00:00,52.5500000,52.7000000,52.1000000,52.4500000,18400
KMAZ,D,19/01/18,00:00:00,52.4500000,52.5500000,51.6500000,52.5000000,35100
KMAZ,D,22/01/18,00:00:00,52.7000000,53.4000000,52.0500000,52.3500000,32700
KMAZ,D,23/01/18,00:00:00,52.4500000,52.7000000,52.3000000,52.5000000,11800
KMAZ,D,24/01/18,00:00:00,52.3000000,52.6000000,52.2500000,52.5000000,6400
KMAZ,D,25/01/18,00:00:00,52.5000000,52.5500000,52.4000000,52.4000000,23400
KMAZ,D,26/01/18,00:00:00,52.6000000,52.8000000,52.0000000,52.0500000,17200
KMAZ,D,29/01/18,00:00:00,52.0500000,52.4500000,51.5000000,51.5000000,22100
KMAZ,D,30/01/18,00:00:00,51.4500000,51.4500000,50.5500000,51.2500000,26900
KMAZ,D,31/01/18,00:00:00,51.5000000,51.5000000,50.5500000,51.2500000,8100
KMAZ,D,01/02/18,00:00:00,51.2500000,51.5000000,51.0500000,51.1500000,7400
KMAZ,D,02/02/18,00:00:00,51.6500000,51.9500000,51.5000000,51.7000000,16700
KMAZ,D,05/02/18,00:00:00,51.3500000,51.4500000,50.9500000,51.1500000,4100
KMAZ,D,06/02/18,00:00:00,50.5500000,50.8500000,49.9500000,50.1500000,24200
KMAZ,D,07/02/18,00:00:00,50.4000000,50.7500000,50.3000000,50.4000000,5900
KMAZ,D,08/02/18,00:00:00,50.3500000,50.3500000,50.2000000,50.3000000,2600
KMAZ,D,09/02/18,00:00:00,49.9000000,50.4000000,49.5500000,50.4000000,26900
KMAZ,D,12/02/18,00:00:00,51.9000000,53.2500000,51.4000000,51.8500000,55100
KMAZ,D,13/02/18,00:00:00,51.4500000,51.9000000,51.3000000,51.4000000,13400
KMAZ,D,14/02/18,00:00:00,51.3500000,51.8000000,51.1000000,51.2000000,11500
KMAZ,D,15/02/18,00:00:00,51.5000000,51.9500000,51.4000000,51.6500000,3100
KMAZ,D,16/02/18,00:00:00,51.2000000,52.3500000,50.4500000,51.0000000,98400
KMAZ,D,19/02/18,00:00:00,51.2500000,51.7500000,50.5000000,50.8000000,32000
KMAZ,D,20/02/18,00:00:00,50.8000000,51.0000000,50.1500000,50.7000000,43600
KMAZ,D,21/02/18,00:00:00,50.5000000,51.2000000,50.5000000,50.9000000,20700
KMAZ,D,22/02/18,00:00:00,50.8500000,51.1500000,50.3500000,51.0500000,12600
KMAZ,D,26/02/18,00:00:00,50.7500000,51.8000000,50.5500000,50.8000000,91900
KMAZ,D,27/02/18,00:00:00,51.4500000,53.8500000,50.9500000,51.6500000,273400
KMAZ,D,28/02/18,00:00:00,52.2000000,53.5500000,51.5000000,53.3500000,94200
KMAZ,D,01/03/18,00:00:00,53.4000000,53.8000000,52.6500000,53.3000000,56500
KMAZ,D,02/03/18,00:00:00,53.8500000,53.8500000,52.9500000,53.1000000,33800
KMAZ,D,05/03/18,00:00:00,53.1000000,53.2500000,53.0500000,53.1000000,7800
KMAZ,D,06/03/18,00:00:00,53.7000000,53.7500000,52.7000000,53.0000000,21900
KMAZ,D,07/03/18,00:00:00,53.2500000,53.6000000,52.7000000,52.7000000,21300
KMAZ,D,09/03/18,00:00:00,53.2000000,53.5500000,52.8500000,53.0000000,18900
KMAZ,D,12/03/18,00:00:00,53.8500000,53.8500000,52.0500000,52.7000000,14200
KMAZ,D,13/03/18,00:00:00,52.7000000,53.5000000,52.7000000,53.0500000,31300
KMAZ,D,14/03/18,00:00:00,52.9000000,53.2500000,52.7000000,52.8000000,19100
KMAZ,D,15/03/18,00:00:00,52.7500000,53.0500000,52.3000000,52.3000000,14600
KMAZ,D,16/03/18,00:00:00,52.1500000,53.1000000,52.1500000,52.6000000,9300
KMAZ,D,19/03/18,00:00:00,53.0000000,53.5000000,53.0000000,53.0000000,13300
KMAZ,D,20/03/18,00:00:00,53.0500000,53.2500000,52.6500000,53.2500000,8600
KMAZ,D,21/03/18,00:00:00,53.0500000,54.0500000,53.0000000,53.7500000,71900
KMAZ,D,22/03/18,00:00:00,53.6500000,53.6500000,52.8000000,53.5500000,20900
KMAZ,D,23/03/18,00:00:00,52.7500000,53.3500000,52.7500000,53.3500000,2200
KMAZ,D,26/03/18,00:00:00,52.8500000,53.3000000,52.3500000,52.3500000,4000
KMAZ,D,27/03/18,00:00:00,52.6000000,53.1500000,52.4500000,52.7000000,6100
KMAZ,D,28/03/18,00:00:00,52.4500000,53.0000000,52.3500000,52.9000000,12900
KMAZ,D,29/03/18,00:00:00,52.6500000,53.0000000,52.5000000,52.8000000,8700
KMAZ,D,30/03/18,00:00:00,52.9500000,53.0500000,52.9500000,53.0000000,4000
KMAZ,D,02/04/18,00:00:00,52.9500000,52.9500000,52.8500000,52.8500000,2300
KMAZ,D,03/04/18,00:00:00,52.7500000,53.4500000,52.3500000,53.0000000,18200
KMAZ,D,04/04/18,00:00:00,52.7500000,53.0500000,52.7500000,53.0500000,3700
KMAZ,D,05/04/18,00:00:00,53.1500000,53.1500000,52.9500000,52.9500000,9900
KMAZ,D,06/04/18,00:00:00,52.9000000,53.1500000,52.9000000,53.0000000,10200
KMAZ,D,09/04/18,00:00:00,52.2500000,52.8500000,49.7000000,51.8500000,229000
KMAZ,D,10/04/18,00:00:00,49.2000000,52.3000000,49.2000000,51.9500000,396300
KMAZ,D,11/04/18,00:00:00,51.2000000,51.6000000,51.0000000,51.0000000,7600
KMAZ,D,12/04/18,00:00:00,51.8500000,52.2500000,51.4000000,52.0000000,8700
KMAZ,D,13/04/18,00:00:00,52.0000000,52.0000000,50.2000000,51.0500000,103100
KMAZ,D,16/04/18,00:00:00,50.5500000,50.5500000,48.0500000,49.3500000,261300
KMAZ,D,17/04/18,00:00:00,49.9000000,50.9500000,49.7000000,50.0500000,19000
KMAZ,D,18/04/18,00:00:00,50.1000000,50.8500000,49.9500000,50.6500000,15400
KMAZ,D,19/04/18,00:00:00,50.7000000,50.8500000,50.3000000,50.5000000,10200
KMAZ,D,20/04/18,00:00:00,50.2000000,50.5000000,49.6500000,50.0000000,13700
KMAZ,D,23/04/18,00:00:00,49.6500000,50.0000000,49.0000000,49.4000000,39500
KMAZ,D,24/04/18,00:00:00,49.4000000,50.0000000,49.4000000,49.8500000,26400
KMAZ,D,25/04/18,00:00:00,49.4500000,50.4000000,49.3000000,49.7500000,5400
KMAZ,D,26/04/18,00:00:00,49.9000000,50.1000000,49.7000000,49.8000000,2200
KMAZ,D,27/04/18,00:00:00,49.7000000,49.7000000,48.8000000,49.3500000,31100
KMAZ,D,28/04/18,00:00:00,49.0500000,49.4000000,49.0500000,49.3000000,5600
KMAZ,D,30/04/18,00:00:00,49.0500000,49.7000000,49.0000000,49.5000000,2500
KMAZ,D,02/05/18,00:00:00,49.4500000,50.0500000,49.4000000,49.6000000,8200
KMAZ,D,03/05/18,00:00:00,50.3500000,51.9500000,50.1000000,50.5500000,90700
KMAZ,D,04/05/18,00:00:00,50.8000000,53.8000000,50.8000000,53.0000000,173900
KMAZ,D,07/05/18,00:00:00,51.8500000,53.5000000,51.8500000,53.3000000,32800
KMAZ,D,08/05/18,00:00:00,53.3000000,54.2000000,53.0000000,53.0000000,34200
KMAZ,D,10/05/18,00:00:00,53.0000000,53.4000000,52.7000000,52.7500000,21400
KMAZ,D,11/05/18,00:00:00,52.8500000,54.7500000,52.6500000,54.0000000,41900
KMAZ,D,14/05/18,00:00:00,54.8000000,54.9500000,53.6000000,54.0000000,19100
KMAZ,D,15/05/18,00:00:00,53.8500000,54.0000000,53.2500000,53.4500000,12900
KMAZ,D,16/05/18,00:00:00,53.5000000,54.2000000,53.2500000,53.9500000,12400
KMAZ,D,17/05/18,00:00:00,53.6000000,54.0500000,52.0000000,52.5000000,38500
KMAZ,D,18/05/18,00:00:00,52.2000000,53.7500000,52.1500000,53.0500000,6900
KMAZ,D,21/05/18,00:00:00,52.9500000,53.8000000,52.9500000,53.3500000,10900
KMAZ,D,22/05/18,00:00:00,53.1000000,53.7500000,53.0000000,53.0000000,5500
KMAZ,D,23/05/18,00:00:00,53.0000000,53.1500000,52.5000000,52.6000000,10600
KMAZ,D,24/05/18,00:00:00,53.2000000,54.1000000,50.1500000,51.3500000,48600
KMAZ,D,25/05/18,00:00:00,51.7500000,52.3500000,50.8500000,51.9000000,16100
KMAZ,D,28/05/18,00:00:00,51.1500000,52.4000000,51.0500000,52.4000000,8500
KMAZ,D,29/05/18,00:00:00,52.5000000,54.5000000,50.0500000,52.2000000,50500
KMAZ,D,30/05/18,00:00:00,52.8500000,52.8500000,51.6000000,52.8000000,14400
KMAZ,D,31/05/18,00:00:00,53.0000000,53.0000000,52.7000000,52.7000000,31300
KMAZ,D,01/06/18,00:00:00,53.0000000,53.0000000,52.0000000,52.8000000,8700
KMAZ,D,04/06/18,00:00:00,52.4000000,53.0500000,51.3000000,52.8000000,19000
KMAZ,D,05/06/18,00:00:00,52.8500000,53.0500000,52.7000000,52.7500000,9900
KMAZ,D,06/06/18,00:00:00,52.1500000,52.8000000,52.1500000,52.8000000,6100
KMAZ,D,07/06/18,00:00:00,52.9000000,53.0000000,52.7500000,52.8000000,10700
KMAZ,D,08/06/18,00:00:00,52.6000000,53.0000000,51.8500000,52.8000000,22800
KMAZ,D,09/06/18,00:00:00,52.0500000,52.7500000,52.0500000,52.5500000,2400
KMAZ,D,11/06/18,00:00:00,52.1500000,53.8500000,52.1000000,53.1500000,14600
KMAZ,D,13/06/18,00:00:00,52.5000000,53.1000000,52.2500000,52.3500000,8600
KMAZ,D,14/06/18,00:00:00,52.4000000,52.4000000,50.3500000,51.9000000,14000
KMAZ,D,15/06/18,00:00:00,51.9000000,51.9500000,51.3500000,51.9000000,6500
KMAZ,D,18/06/18,00:00:00,51.9000000,52.2500000,51.1000000,51.4500000,11400
KMAZ,D,19/06/18,00:00:00,51.2500000,51.2500000,50.2000000,50.7000000,10400
KMAZ,D,20/06/18,00:00:00,50.9000000,51.7500000,50.9000000,51.2000000,21300
KMAZ,D,21/06/18,00:00:00,51.2500000,51.8500000,51.1000000,51.7500000,27100
KMAZ,D,22/06/18,00:00:00,51.6000000,52.9500000,51.6000000,52.0000000,15600
KMAZ,D,25/06/18,00:00:00,53.0500000,53.1500000,51.4000000,53.0000000,34000
KMAZ,D,26/06/18,00:00:00,53.0000000,53.0000000,53.0000000,53.0000000,5300
KMAZ,D,27/06/18,00:00:00,53.2000000,53.4500000,53.0000000,53.0500000,31000
KMAZ,D,28/06/18,00:00:00,53.3500000,53.3500000,53.0000000,53.0500000,7700
KMAZ,D,29/06/18,00:00:00,53.3500000,53.8500000,52.8000000,53.8500000,44800
KMAZ,D,02/07/18,00:00:00,53.5500000,55.1000000,53.5000000,54.8500000,47000
KMAZ,D,03/07/18,00:00:00,54.3000000,54.9000000,54.0000000,54.2500000,41700
KMAZ,D,04/07/18,00:00:00,54.2500000,55.5000000,54.2500000,55.0000000,68600
KMAZ,D,05/07/18,00:00:00,55.8000000,56.5000000,55.0000000,56.0000000,86700
KMAZ,D,06/07/18,00:00:00,56.7000000,57.7500000,55.7000000,57.7500000,63000
KMAZ,D,09/07/18,00:00:00,58.0000000,60.4500000,58.0000000,60.4500000,270200
KMAZ,D,10/07/18,00:00:00,59.6000000,63.4500000,58.5000000,62.4000000,208300
KMAZ,D,11/07/18,00:00:00,62.3000000,62.3000000,57.3000000,60.7500000,48800
KMAZ,D,12/07/18,00:00:00,60.0000000,62.3000000,60.0000000,62.0000000,63600
KMAZ,D,13/07/18,00:00:00,62.4000000,63.8500000,60.7500000,61.3000000,27700
KMAZ,D,16/07/18,00:00:00,60.4000000,61.9000000,60.2500000,60.9500000,33700
KMAZ,D,17/07/18,00:00:00,60.2000000,62.0000000,60.0000000,62.0000000,37600
KMAZ,D,18/07/18,00:00:00,61.1000000,62.2500000,61.0000000,61.0000000,20400
KMAZ,D,19/07/18,00:00:00,61.0000000,61.1000000,60.3000000,60.3000000,17500
KMAZ,D,20/07/18,00:00:00,61.5000000,61.7000000,61.0500000,61.3500000,60500
KMAZ,D,23/07/18,00:00:00,60.5000000,62.2000000,58.5000000,61.0500000,28700
KMAZ,D,24/07/18,00:00:00,61.1500000,62.1000000,61.0000000,62.1000000,21400
KMAZ,D,25/07/18,00:00:00,61.6500000,63.0000000,61.2500000,61.5000000,14500
KMAZ,D,26/07/18,00:00:00,62.8500000,70.8500000,61.6000000,65.8000000,174900
KMAZ,D,27/07/18,00:00:00,66.7500000,67.6500000,64.0000000,65.1000000,49700
KMAZ,D,30/07/18,00:00:00,63.1500000,66.0000000,62.6500000,65.8000000,34800
KMAZ,D,31/07/18,00:00:00,65.2000000,66.5000000,64.2000000,66.0500000,76200
KMAZ,D,01/08/18,00:00:00,65.8000000,67.0000000,65.1000000,66.7000000,59400
KMAZ,D,02/08/18,00:00:00,66.6000000,70.0000000,65.6000000,68.2000000,293800
KMAZ,D,03/08/18,00:00:00,66.9000000,70.0000000,66.9000000,68.3000000,99700
KMAZ,D,06/08/18,00:00:00,68.8000000,68.8000000,67.0000000,68.0000000,11000
KMAZ,D,07/08/18,00:00:00,66.7000000,68.8000000,66.4000000,67.3000000,15800
KMAZ,D,08/08/18,00:00:00,66.9000000,67.5000000,63.7000000,64.9000000,59100
KMAZ,D,09/08/18,00:00:00,64.8000000,65.1000000,62.5000000,63.8000000,26300
KMAZ,D,10/08/18,00:00:00,63.9000000,65.1000000,63.1000000,63.1000000,27400
KMAZ,D,13/08/18,00:00:00,62.8000000,63.4000000,62.5000000,63.2000000,44800
KMAZ,D,14/08/18,00:00:00,65.5000000,65.5000000,63.9000000,63.9000000,14200
KMAZ,D,15/08/18,00:00:00,63.9000000,63.9000000,61.4000000,62.2000000,16700
KMAZ,D,16/08/18,00:00:00,61.0000000,63.2000000,60.8000000,62.0000000,15200
KMAZ,D,17/08/18,00:00:00,64.0000000,64.3000000,62.3000000,62.9000000,7800
KMAZ,D,20/08/18,00:00:00,62.3000000,62.7000000,62.1000000,62.1000000,16800
KMAZ,D,21/08/18,00:00:00,62.5000000,66.9000000,62.0000000,62.0000000,24300
KMAZ,D,22/08/18,00:00:00,61.1000000,62.8000000,61.1000000,62.1000000,19700
KMAZ,D,23/08/18,00:00:00,64.1000000,64.3000000,62.0000000,62.0000000,27100
KMAZ,D,24/08/18,00:00:00,62.2000000,63.0000000,62.2000000,63.0000000,5500
KMAZ,D,27/08/18,00:00:00,62.5000000,64.0000000,62.4000000,63.0000000,5000
KMAZ,D,28/08/18,00:00:00,61.3000000,63.3000000,61.1000000,62.8000000,3700
KMAZ,D,29/08/18,00:00:00,63.3000000,63.3000000,62.0000000,62.5000000,45000
KMAZ,D,30/08/18,00:00:00,62.5000000,62.5000000,62.0000000,62.1000000,3400
KMAZ,D,31/08/18,00:00:00,62.1000000,62.9000000,62.1000000,62.6000000,3300
KMAZ,D,03/09/18,00:00:00,62.6000000,64.2000000,62.3000000,63.4000000,18400
KMAZ,D,04/09/18,00:00:00,64.2000000,65.0000000,62.7000000,64.0000000,17400
KMAZ,D,05/09/18,00:00:00,63.1000000,65.5000000,63.0000000,63.4000000,10100
KMAZ,D,06/09/18,00:00:00,64.2000000,67.9000000,63.0000000,64.0000000,64800
KMAZ,D,07/09/18,00:00:00,64.7000000,67.0000000,64.2000000,65.5000000,32300
KMAZ,D,10/09/18,00:00:00,64.6000000,65.2000000,62.3000000,63.5000000,33100
KMAZ,D,11/09/18,00:00:00,63.5000000,64.1000000,62.1000000,63.7000000,11300
KMAZ,D,12/09/18,00:00:00,64.8000000,65.6000000,64.0000000,65.2000000,16200
KMAZ,D,13/09/18,00:00:00,64.2000000,65.6000000,63.8000000,64.2000000,13200
KMAZ,D,14/09/18,00:00:00,64.2000000,65.9000000,64.2000000,64.8000000,14900
KMAZ,D,17/09/18,00:00:00,66.9000000,66.9000000,64.2000000,65.1000000,5100
KMAZ,D,18/09/18,00:00:00,66.1000000,67.0000000,66.1000000,67.0000000,31000
KMAZ,D,19/09/18,00:00:00,67.0000000,67.1000000,65.7000000,67.1000000,11600
KMAZ,D,20/09/18,00:00:00,67.1000000,67.4000000,66.0000000,66.0000000,23500
KMAZ,D,21/09/18,00:00:00,65.7000000,66.0000000,64.8000000,65.1000000,13000
KMAZ,D,24/09/18,00:00:00,65.6000000,66.5000000,65.2000000,65.6000000,6500
KMAZ,D,25/09/18,00:00:00,66.8000000,67.0000000,66.2000000,66.5000000,13900
KMAZ,D,26/09/18,00:00:00,67.9000000,68.0000000,65.2000000,66.4000000,32500
KMAZ,D,27/09/18,00:00:00,66.4000000,66.5000000,64.1000000,65.1000000,21200
KMAZ,D,28/09/18,00:00:00,64.4000000,64.6000000,63.2000000,64.4000000,16700
KMAZ,D,01/10/18,00:00:00,63.9000000,66.0000000,62.5000000,63.6000000,26300
KMAZ,D,02/10/18,00:00:00,64.6000000,64.6000000,63.5000000,63.7000000,8800
KMAZ,D,03/10/18,00:00:00,63.1000000,64.8000000,63.0000000,64.1000000,12600
KMAZ,D,04/10/18,00:00:00,64.1000000,65.9000000,64.1000000,64.4000000,32400
KMAZ,D,05/10/18,00:00:00,64.0000000,65.0000000,63.2000000,64.1000000,25400
KMAZ,D,08/10/18,00:00:00,64.1000000,64.8000000,60.8000000,62.9000000,36700
KMAZ,D,09/10/18,00:00:00,62.9000000,65.5000000,62.6000000,63.4000000,19100
KMAZ,D,10/10/18,00:00:00,63.4000000,63.9000000,62.7000000,63.1000000,5700
KMAZ,D,11/10/18,00:00:00,63.0000000,63.0000000,58.8000000,60.0000000,105900
KMAZ,D,12/10/18,00:00:00,60.6000000,62.8000000,60.6000000,61.7000000,12900
KMAZ,D,15/10/18,00:00:00,62.5000000,62.8000000,58.4000000,60.0000000,110700
KMAZ,D,16/10/18,00:00:00,59.9000000,59.9000000,58.0000000,58.6000000,236400
KMAZ,D,17/10/18,00:00:00,58.2000000,59.1000000,58.0000000,58.2000000,134000
KMAZ,D,18/10/18,00:00:00,58.4000000,63.3000000,58.4000000,60.5000000,776100
KMAZ,D,19/10/18,00:00:00,61.0000000,62.9000000,58.1000000,59.5000000,293500
KMAZ,D,22/10/18,00:00:00,60.2000000,60.4000000,58.9000000,59.4000000,171100
KMAZ,D,23/10/18,00:00:00,59.0000000,59.1000000,54.9000000,56.1000000,404200
KMAZ,D,24/10/18,00:00:00,56.9000000,57.6000000,56.6000000,56.9000000,22600
KMAZ,D,25/10/18,00:00:00,56.2000000,59.5000000,56.1000000,57.8000000,65900
KMAZ,D,26/10/18,00:00:00,57.3000000,58.0000000,56.7000000,57.1000000,31200
KMAZ,D,29/10/18,00:00:00,56.8000000,57.6000000,56.6000000,57.6000000,7200
KMAZ,D,30/10/18,00:00:00,57.7000000,58.5000000,56.0000000,56.5000000,17200
KMAZ,D,31/10/18,00:00:00,57.0000000,57.8000000,57.0000000,57.1000000,3400
KMAZ,D,01/11/18,00:00:00,56.9000000,57.6000000,56.2000000,57.5000000,18400
KMAZ,D,02/11/18,00:00:00,57.7000000,58.2000000,56.9000000,58.0000000,12300
KMAZ,D,06/11/18,00:00:00,57.4000000,58.0000000,57.1000000,57.4000000,12000
KMAZ,D,07/11/18,00:00:00,58.0000000,59.2000000,57.7000000,58.3000000,24400
KMAZ,D,08/11/18,00:00:00,58.2000000,59.3000000,58.0000000,58.0000000,19800
KMAZ,D,09/11/18,00:00:00,58.0000000,58.4000000,57.6000000,57.8000000,44000
KMAZ,D,12/11/18,00:00:00,57.8000000,58.2000000,57.3000000,57.9000000,13100
KMAZ,D,13/11/18,00:00:00,58.2000000,58.2000000,57.4000000,57.9000000,11000
KMAZ,D,14/11/18,00:00:00,57.4000000,58.0000000,56.3000000,58.0000000,21500
KMAZ,D,15/11/18,00:00:00,57.4000000,58.0000000,57.3000000,57.8000000,4000
KMAZ,D,16/11/18,00:00:00,57.2000000,58.0000000,53.7000000,57.5000000,35800
KMAZ,D,19/11/18,00:00:00,58.0000000,58.0000000,56.5000000,56.9000000,6600
KMAZ,D,20/11/18,00:00:00,56.4000000,57.2000000,55.3000000,55.3000000,26200
KMAZ,D,21/11/18,00:00:00,55.2000000,55.5000000,54.0000000,54.8000000,20300
KMAZ,D,22/11/18,00:00:00,54.8000000,55.7000000,54.5000000,55.0000000,5900
KMAZ,D,23/11/18,00:00:00,55.0000000,56.4000000,54.7000000,55.1000000,13100
KMAZ,D,26/11/18,00:00:00,55.8000000,56.1000000,54.0000000,55.0000000,11400
KMAZ,D,27/11/18,00:00:00,55.0000000,55.0000000,54.2000000,54.8000000,6500
KMAZ,D,28/11/18,00:00:00,55.0000000,55.2000000,54.1000000,54.7000000,8900
KMAZ,D,29/11/18,00:00:00,54.7000000,55.7000000,54.7000000,54.8000000,28200
KMAZ,D,30/11/18,00:00:00,54.6000000,55.0000000,54.3000000,54.9000000,9800
KMAZ,D,03/12/18,00:00:00,54.9000000,55.0000000,54.5000000,54.8000000,11700
KMAZ,D,04/12/18,00:00:00,54.8000000,55.0000000,54.5000000,54.9000000,8000
KMAZ,D,05/12/18,00:00:00,55.0000000,55.0000000,54.5000000,54.9000000,12500
KMAZ,D,06/12/18,00:00:00,54.9000000,55.0000000,54.4000000,54.9000000,11700
KMAZ,D,07/12/18,00:00:00,54.5000000,54.9000000,54.0000000,54.3000000,16200
KMAZ,D,10/12/18,00:00:00,54.0000000,54.8000000,52.0000000,53.6000000,51100
KMAZ,D,11/12/18,00:00:00,54.1000000,54.1000000,52.0000000,52.7000000,37400
KMAZ,D,12/12/18,00:00:00,53.1000000,53.2000000,51.1000000,51.7000000,16500
KMAZ,D,13/12/18,00:00:00,51.8000000,52.8000000,51.4000000,52.5000000,7500
KMAZ,D,14/12/18,00:00:00,52.8000000,53.1000000,52.2000000,52.8000000,13500
KMAZ,D,17/12/18,00:00:00,53.0000000,53.5000000,50.5000000,51.5000000,33300
KMAZ,D,18/12/18,00:00:00,52.0000000,52.0000000,50.9000000,51.5000000,569700
KMAZ,D,19/12/18,00:00:00,51.5000000,53.0000000,51.2000000,52.9000000,18900
KMAZ,D,20/12/18,00:00:00,53.2000000,53.4000000,51.4000000,53.0000000,17600
KMAZ,D,21/12/18,00:00:00,52.3000000,53.2000000,52.3000000,52.4000000,5800
KMAZ,D,24/12/18,00:00:00,53.2000000,53.2000000,52.3000000,52.3000000,2700
KMAZ,D,25/12/18,00:00:00,52.5000000,52.5000000,50.5000000,51.8000000,516500
KMAZ,D,26/12/18,00:00:00,52.3000000,52.4000000,51.1000000,51.1000000,256800
KMAZ,D,27/12/18,00:00:00,51.6000000,52.9000000,51.2000000,52.0000000,17900
KMAZ,D,28/12/18,00:00:00,52.1000000,53.6000000,52.1000000,53.6000000,11600
KMAZ,D,29/12/18,00:00:00,53.4000000,54.5000000,52.8000000,53.6000000,14400
KMAZ,D,03/01/19,00:00:00,54.4000000,56.3000000,53.5000000,55.3000000,18500
KMAZ,D,04/01/19,00:00:00,56.1000000,57.8000000,55.2000000,56.0000000,29300
KMAZ,D,08/01/19,00:00:00,56.0000000,56.9000000,53.2000000,56.1000000,21200
KMAZ,D,09/01/19,00:00:00,56.0000000,60.0000000,55.4000000,59.4000000,185600
KMAZ,D,10/01/19,00:00:00,59.2000000,62.0000000,58.7000000,60.7000000,104700
KMAZ,D,11/01/19,00:00:00,60.6000000,61.5000000,59.5000000,59.6000000,23200
KMAZ,D,14/01/19,00:00:00,60.8000000,60.8000000,56.7000000,60.0000000,33800
KMAZ,D,15/01/19,00:00:00,60.6000000,60.7000000,59.9000000,60.0000000,11300
KMAZ,D,16/01/19,00:00:00,59.5000000,61.2000000,59.3000000,60.9000000,17300
KMAZ,D,17/01/19,00:00:00,60.4000000,62.5000000,59.6000000,61.1000000,19500
KMAZ,D,18/01/19,00:00:00,60.5000000,61.0000000,60.0000000,60.5000000,9300
KMAZ,D,21/01/19,00:00:00,60.4000000,61.7000000,60.4000000,60.7000000,19500
KMAZ,D,22/01/19,00:00:00,61.6000000,61.6000000,57.7000000,60.0000000,22400
KMAZ,D,23/01/19,00:00:00,60.6000000,63.1000000,58.1000000,61.0000000,38000
KMAZ,D,24/01/19,00:00:00,60.6000000,61.5000000,60.3000000,61.0000000,24000
KMAZ,D,25/01/19,00:00:00,61.1000000,62.1000000,61.0000000,61.1000000,10800
KMAZ,D,28/01/19,00:00:00,61.1000000,61.9000000,60.0000000,61.1000000,12200
KMAZ,D,29/01/19,00:00:00,60.9000000,60.9000000,58.5000000,60.3000000,28900
KMAZ,D,30/01/19,00:00:00,59.8000000,60.3000000,59.7000000,59.7000000,3700
KMAZ,D,31/01/19,00:00:00,60.0000000,60.3000000,59.0000000,59.0000000,10700
KMAZ,D,01/02/19,00:00:00,59.0000000,61.8000000,59.0000000,61.0000000,32200
KMAZ,D,04/02/19,00:00:00,61.7000000,61.9000000,60.2000000,60.6000000,12400
KMAZ,D,05/02/19,00:00:00,61.3000000,61.3000000,60.1000000,60.1000000,5000
KMAZ,D,06/02/19,00:00:00,61.3000000,61.5000000,60.4000000,60.6000000,13000
KMAZ,D,07/02/19,00:00:00,61.4000000,61.4000000,60.0000000,60.6000000,4500
KMAZ,D,08/02/19,00:00:00,61.0000000,61.9000000,60.0000000,60.5000000,9500
KMAZ,D,11/02/19,00:00:00,60.4000000,61.4000000,60.1000000,60.7000000,3200
KMAZ,D,12/02/19,00:00:00,60.8000000,60.9000000,60.2000000,60.5000000,7500
KMAZ,D,13/02/19,00:00:00,60.4000000,60.8000000,58.6000000,60.5000000,32900
KMAZ,D,14/02/19,00:00:00,60.5000000,60.8000000,58.8000000,59.6000000,10300
KMAZ,D,15/02/19,00:00:00,59.4000000,60.2000000,59.4000000,59.9000000,12300
KMAZ,D,18/02/19,00:00:00,59.4000000,60.1000000,59.2000000,59.7000000,5500
KMAZ,D,19/02/19,00:00:00,59.6000000,60.4000000,56.1000000,57.7000000,30100
KMAZ,D,20/02/19,00:00:00,58.3000000,60.4000000,58.3000000,59.1000000,24000
KMAZ,D,21/02/19,00:00:00,59.9000000,60.0000000,59.0000000,59.0000000,6800
KMAZ,D,22/02/19,00:00:00,59.2000000,60.2000000,58.2000000,59.8000000,16800
KMAZ,D,25/02/19,00:00:00,59.3000000,60.0000000,59.3000000,59.5000000,2700
KMAZ,D,26/02/19,00:00:00,59.4000000,59.9000000,58.6000000,59.3000000,7600
KMAZ,D,27/02/19,00:00:00,58.9000000,59.6000000,57.0000000,57.0000000,50100
KMAZ,D,28/02/19,00:00:00,57.1000000,59.0000000,56.9000000,57.9000000,43800
KMAZ,D,01/03/19,00:00:00,57.7000000,58.6000000,57.0000000,57.9000000,41700
KMAZ,D,04/03/19,00:00:00,57.9000000,57.9000000,57.1000000,57.4000000,17000
KMAZ,D,05/03/19,00:00:00,57.6000000,57.6000000,56.4000000,56.9000000,16100
KMAZ,D,06/03/19,00:00:00,56.6000000,57.3000000,55.0000000,56.1000000,32900
KMAZ,D,07/03/19,00:00:00,56.3000000,56.4000000,55.9000000,56.3000000,3300
KMAZ,D,11/03/19,00:00:00,55.8000000,56.4000000,55.8000000,56.2000000,15800
KMAZ,D,12/03/19,00:00:00,55.8000000,56.1000000,55.1000000,55.6000000,22500
KMAZ,D,13/03/19,00:00:00,55.1000000,55.5000000,54.8000000,55.0000000,10900
KMAZ,D,14/03/19,00:00:00,54.6000000,56.0000000,53.9000000,53.9000000,48200
KMAZ,D,15/03/19,00:00:00,53.6000000,54.7000000,53.0000000,54.2000000,42500
KMAZ,D,18/03/19,00:00:00,54.1000000,56.9000000,54.1000000,55.3000000,57900
KMAZ,D,19/03/19,00:00:00,55.0000000,56.1000000,54.8000000,55.1000000,25200
KMAZ,D,20/03/19,00:00:00,54.7000000,55.6000000,54.7000000,55.0000000,5100
KMAZ,D,21/03/19,00:00:00,55.1000000,55.2000000,54.4000000,54.5000000,5200
KMAZ,D,22/03/19,00:00:00,55.3000000,56.1000000,54.4000000,54.7000000,19300
KMAZ,D,25/03/19,00:00:00,55.4000000,55.6000000,54.5000000,55.0000000,18500
KMAZ,D,26/03/19,00:00:00,55.5000000,55.8000000,55.0000000,55.1000000,10100
KMAZ,D,27/03/19,00:00:00,55.2000000,55.6000000,55.0000000,55.0000000,3700
KMAZ,D,28/03/19,00:00:00,55.2000000,55.3000000,55.0000000,55.1000000,2600
KMAZ,D,29/03/19,00:00:00,54.9000000,55.4000000,54.6000000,54.6000000,11800
KMAZ,D,01/04/19,00:00:00,54.6000000,55.1000000,54.5000000,55.1000000,7800
KMAZ,D,02/04/19,00:00:00,55.0000000,55.4000000,54.9000000,55.4000000,3400
KMAZ,D,03/04/19,00:00:00,55.8000000,56.2000000,55.4000000,55.5000000,4000
KMAZ,D,04/04/19,00:00:00,55.5000000,55.8000000,54.9000000,55.3000000,7400
KMAZ,D,05/04/19,00:00:00,55.4000000,55.5000000,54.5000000,54.7000000,7700
KMAZ,D,08/04/19,00:00:00,55.2000000,55.2000000,54.5000000,54.9000000,8200
KMAZ,D,09/04/19,00:00:00,54.9000000,55.0000000,51.0000000,52.4000000,149100
KMAZ,D,10/04/19,00:00:00,52.4000000,54.0000000,51.8000000,52.3000000,105900
KMAZ,D,11/04/19,00:00:00,52.4000000,52.6000000,51.7000000,52.1000000,40300
KMAZ,D,12/04/19,00:00:00,52.1000000,52.3000000,51.0000000,51.7000000,39000
KMAZ,D,15/04/19,00:00:00,51.6000000,52.3000000,51.3000000,51.4000000,33400
KMAZ,D,16/04/19,00:00:00,51.7000000,52.3000000,50.0000000,50.6000000,98100
KMAZ,D,17/04/19,00:00:00,50.3000000,57.6000000,50.3000000,55.4000000,356600
KMAZ,D,18/04/19,00:00:00,56.0000000,59.6000000,54.4000000,57.3000000,448900
KMAZ,D,19/04/19,00:00:00,55.8000000,58.0000000,55.8000000,56.0000000,42000
KMAZ,D,22/04/19,00:00:00,56.1000000,56.3000000,54.8000000,55.3000000,22600
KMAZ,D,23/04/19,00:00:00,55.3000000,55.4000000,54.6000000,55.2000000,7600
KMAZ,D,24/04/19,00:00:00,54.9000000,55.0000000,54.6000000,54.8000000,7700
KMAZ,D,25/04/19,00:00:00,54.6000000,55.0000000,54.2000000,54.2000000,12000
KMAZ,D,26/04/19,00:00:00,54.0000000,55.0000000,53.3000000,55.0000000,23100
KMAZ,D,29/04/19,00:00:00,54.2000000,57.0000000,54.1000000,55.9000000,23800
KMAZ,D,30/04/19,00:00:00,56.0000000,58.0000000,55.0000000,55.5000000,37900
KMAZ,D,02/05/19,00:00:00,55.5000000,56.2000000,55.1000000,55.1000000,3500
KMAZ,D,03/05/19,00:00:00,55.0000000,55.6000000,55.0000000,55.1000000,3000
KMAZ,D,06/05/19,00:00:00,55.0000000,55.4000000,54.4000000,55.3000000,7600
KMAZ,D,07/05/19,00:00:00,54.9000000,55.3000000,54.8000000,54.8000000,2500
KMAZ,D,08/05/19,00:00:00,54.7000000,55.1000000,54.4000000,54.5000000,3700
KMAZ,D,10/05/19,00:00:00,54.2000000,55.0000000,54.1000000,54.7000000,3100
KMAZ,D,13/05/19,00:00:00,55.0000000,55.0000000,52.8000000,53.3000000,33100
KMAZ,D,14/05/19,00:00:00,53.2000000,55.1000000,52.5000000,53.1000000,196100
KMAZ,D,15/05/19,00:00:00,54.5000000,54.5000000,53.1000000,53.9000000,11600
KMAZ,D,16/05/19,00:00:00,54.1000000,55.1000000,53.5000000,54.5000000,12800
KMAZ,D,17/05/19,00:00:00,54.3000000,55.6000000,53.1000000,55.0000000,24200
KMAZ,D,20/05/19,00:00:00,55.0000000,58.4000000,54.6000000,57.1000000,96200
KMAZ,D,21/05/19,00:00:00,58.0000000,59.0000000,54.0000000,55.9000000,41400
KMAZ,D,22/05/19,00:00:00,55.9000000,56.0000000,55.0000000,55.6000000,4800
KMAZ,D,23/05/19,00:00:00,55.9000000,56.7000000,55.3000000,56.0000000,6500
KMAZ,D,24/05/19,00:00:00,55.4000000,56.5000000,55.4000000,56.0000000,2500
KMAZ,D,27/05/19,00:00:00,56.5000000,56.5000000,53.8000000,55.8000000,13100
KMAZ,D,28/05/19,00:00:00,55.7000000,55.7000000,54.0000000,54.3000000,29000
KMAZ,D,29/05/19,00:00:00,54.3000000,54.7000000,54.0000000,54.7000000,6700
KMAZ,D,30/05/19,00:00:00,54.5000000,55.9000000,54.5000000,54.9000000,17300
KMAZ,D,31/05/19,00:00:00,55.2000000,55.8000000,54.4000000,54.4000000,15600
KMAZ,D,03/06/19,00:00:00,56.0000000,56.0000000,54.4000000,54.9000000,9400
KMAZ,D,04/06/19,00:00:00,55.0000000,56.0000000,54.0000000,54.5000000,22100
KMAZ,D,05/06/19,00:00:00,54.6000000,55.4000000,54.4000000,54.7000000,10000
KMAZ,D,06/06/19,00:00:00,54.5000000,55.4000000,54.4000000,55.2000000,8100
KMAZ,D,07/06/19,00:00:00,54.8000000,55.6000000,54.5000000,54.6000000,13500
KMAZ,D,10/06/19,00:00:00,54.8000000,54.9000000,53.9000000,54.0000000,28300
KMAZ,D,11/06/19,00:00:00,54.0000000,55.0000000,53.8000000,54.4000000,22500
KMAZ,D,13/06/19,00:00:00,55.1000000,55.2000000,54.2000000,54.5000000,9300
KMAZ,D,14/06/19,00:00:00,54.8000000,54.8000000,54.2000000,54.5000000,8300
KMAZ,D,17/06/19,00:00:00,54.4000000,55.0000000,54.1000000,54.7000000,10500
KMAZ,D,18/06/19,00:00:00,55.0000000,56.5000000,54.6000000,55.6000000,71300
KMAZ,D,19/06/19,00:00:00,55.9000000,55.9000000,54.5000000,55.2000000,45300
KMAZ,D,20/06/19,00:00:00,54.7000000,55.7000000,54.3000000,55.4000000,33700
KMAZ,D,21/06/19,00:00:00,55.2000000,57.0000000,54.4000000,55.3000000,68700
KMAZ,D,24/06/19,00:00:00,56.4000000,56.4000000,55.0000000,55.8000000,25900
KMAZ,D,25/06/19,00:00:00,55.8000000,57.8000000,55.0000000,56.7000000,36700
KMAZ,D,26/06/19,00:00:00,56.9000000,59.6000000,55.4000000,59.0000000,53100
KMAZ,D,27/06/19,00:00:00,57.1000000,60.9000000,57.1000000,58.3000000,46500
KMAZ,D,28/06/19,00:00:00,58.8000000,61.9000000,58.0000000,59.2000000,76900
KMAZ,D,01/07/19,00:00:00,59.4000000,61.5000000,59.4000000,60.0000000,13800
KMAZ,D,02/07/19,00:00:00,59.1000000,60.0000000,58.9000000,60.0000000,8400
KMAZ,D,03/07/19,00:00:00,59.8000000,59.8000000,58.1000000,58.1000000,10300
KMAZ,D,04/07/19,00:00:00,58.8000000,58.8000000,57.6000000,58.6000000,37800
KMAZ,D,05/07/19,00:00:00,58.5000000,58.9000000,58.0000000,58.8000000,7800
KMAZ,D,08/07/19,00:00:00,58.4000000,58.9000000,58.1000000,58.1000000,3900
KMAZ,D,09/07/19,00:00:00,58.6000000,58.6000000,57.3000000,57.8000000,5700
KMAZ,D,10/07/19,00:00:00,58.2000000,58.2000000,56.8000000,57.3000000,13800
KMAZ,D,11/07/19,00:00:00,56.5000000,57.2000000,55.3000000,56.3000000,50100
KMAZ,D,12/07/19,00:00:00,55.8000000,56.5000000,55.7000000,56.1000000,43200
KMAZ,D,15/07/19,00:00:00,56.3000000,56.3000000,55.7000000,56.3000000,23500
KMAZ,D,16/07/19,00:00:00,56.2000000,56.2000000,54.0000000,54.6000000,78100
KMAZ,D,17/07/19,00:00:00,54.4000000,56.8000000,54.1000000,55.4000000,46000
KMAZ,D,18/07/19,00:00:00,55.7000000,55.8000000,55.0000000,55.0000000,8400
KMAZ,D,19/07/19,00:00:00,55.1000000,56.2000000,55.1000000,55.3000000,12300
KMAZ,D,22/07/19,00:00:00,55.6000000,55.9000000,54.9000000,55.0000000,15400
KMAZ,D,23/07/19,00:00:00,55.5000000,57.5000000,55.1000000,57.3000000,113400
KMAZ,D,24/07/19,00:00:00,57.4000000,57.8000000,56.4000000,57.0000000,12600
KMAZ,D,25/07/19,00:00:00,56.4000000,56.5000000,55.8000000,56.4000000,14900
KMAZ,D,26/07/19,00:00:00,56.6000000,57.7000000,56.0000000,56.4000000,17500
KMAZ,D,29/07/19,00:00:00,56.2000000,56.8000000,56.0000000,56.0000000,6400
KMAZ,D,30/07/19,00:00:00,56.5000000,56.5000000,55.8000000,56.4000000,11000
KMAZ,D,31/07/19,00:00:00,56.8000000,56.8000000,55.8000000,56.5000000,18000
KMAZ,D,01/08/19,00:00:00,56.0000000,58.2000000,56.0000000,56.6000000,19600
KMAZ,D,02/08/19,00:00:00,56.1000000,56.8000000,55.1000000,55.4000000,37300
KMAZ,D,05/08/19,00:00:00,55.2000000,55.9000000,55.0000000,55.1000000,15500
KMAZ,D,06/08/19,00:00:00,55.1000000,56.5000000,55.1000000,56.2000000,17300
KMAZ,D,07/08/19,00:00:00,56.2000000,56.3000000,55.7000000,56.2000000,5100
KMAZ,D,08/08/19,00:00:00,56.4000000,56.5000000,55.7000000,56.4000000,4800
KMAZ,D,09/08/19,00:00:00,56.2000000,56.2000000,53.2000000,54.5000000,75700
KMAZ,D,12/08/19,00:00:00,54.4000000,55.2000000,54.0000000,54.6000000,28400
KMAZ,D,13/08/19,00:00:00,54.5000000,54.5000000,53.0000000,54.1000000,68300
KMAZ,D,14/08/19,00:00:00,53.6000000,55.8000000,53.6000000,55.8000000,63800
KMAZ,D,15/08/19,00:00:00,55.6000000,55.6000000,53.5000000,53.7000000,32400
KMAZ,D,16/08/19,00:00:00,54.4000000,54.4000000,52.7000000,53.3000000,44800
KMAZ,D,19/08/19,00:00:00,53.5000000,54.3000000,52.8000000,54.3000000,49200
KMAZ,D,20/08/19,00:00:00,53.6000000,54.7000000,53.4000000,54.6000000,13900
KMAZ,D,21/08/19,00:00:00,55.4000000,56.1000000,54.6000000,55.4000000,24100
KMAZ,D,22/08/19,00:00:00,56.1000000,57.1000000,55.5000000,56.2000000,32000
KMAZ,D,23/08/19,00:00:00,56.6000000,56.9000000,54.8000000,55.2000000,10900
KMAZ,D,26/08/19,00:00:00,54.9000000,55.2000000,54.0000000,54.8000000,9600
KMAZ,D,27/08/19,00:00:00,54.4000000,55.0000000,54.0000000,54.5000000,8000
KMAZ,D,28/08/19,00:00:00,55.0000000,56.5000000,54.5000000,55.3000000,19300
KMAZ,D,29/08/19,00:00:00,55.4000000,57.7000000,55.0000000,57.2000000,119900
KMAZ,D,30/08/19,00:00:00,56.6000000,57.5000000,55.5000000,57.0000000,27220
KMAZ,D,02/09/19,00:00:00,56.5000000,58.4000000,56.0000000,57.1000000,15720
KMAZ,D,03/09/19,00:00:00,57.3000000,58.2000000,56.7000000,57.9000000,21200
KMAZ,D,04/09/19,00:00:00,58.1000000,59.0000000,57.3000000,58.5000000,22470
KMAZ,D,05/09/19,00:00:00,57.6000000,59.4000000,57.5000000,58.8000000,20700
KMAZ,D,06/09/19,00:00:00,57.9000000,58.9000000,57.5000000,57.6000000,9230
KMAZ,D,09/09/19,00:00:00,57.7000000,60.8000000,56.9000000,57.4000000,38110
KMAZ,D,10/09/19,00:00:00,57.3000000,57.9000000,56.4000000,57.2000000,12590
KMAZ,D,11/09/19,00:00:00,56.7000000,57.8000000,55.0000000,57.6000000,17670
KMAZ,D,12/09/19,00:00:00,57.7000000,58.4000000,57.0000000,57.7000000,6010
KMAZ,D,13/09/19,00:00:00,57.0000000,58.5000000,56.7000000,57.8000000,17870
KMAZ,D,16/09/19,00:00:00,57.9000000,57.9000000,57.0000000,57.9000000,8290
KMAZ,D,17/09/19,00:00:00,57.6000000,58.1000000,57.4000000,58.0000000,6050
KMAZ,D,18/09/19,00:00:00,57.5000000,59.4000000,57.5000000,58.6000000,7690
KMAZ,D,19/09/19,00:00:00,58.6000000,58.8000000,57.5000000,57.8000000,7430
KMAZ,D,20/09/19,00:00:00,58.1000000,58.8000000,57.6000000,58.7000000,5970
KMAZ,D,23/09/19,00:00:00,58.7000000,59.2000000,57.6000000,58.2000000,17660
KMAZ,D,24/09/19,00:00:00,58.5000000,58.5000000,58.0000000,58.3000000,1690
KMAZ,D,25/09/19,00:00:00,59.0000000,59.0000000,57.5000000,57.9000000,8790
KMAZ,D,26/09/19,00:00:00,58.3000000,58.3000000,57.5000000,57.6000000,2360
KMAZ,D,27/09/19,00:00:00,58.0000000,58.3000000,53.6000000,56.5000000,29990
KMAZ,D,30/09/19,00:00:00,56.5000000,65.5000000,56.3000000,60.1000000,342610
KMAZ,D,01/10/19,00:00:00,59.2000000,61.5000000,58.1000000,60.0000000,56060
KMAZ,D,02/10/19,00:00:00,60.8000000,60.8000000,58.4000000,59.7000000,18620
KMAZ,D,03/10/19,00:00:00,61.0000000,61.0000000,58.3000000,59.1000000,17080
KMAZ,D,04/10/19,00:00:00,59.9000000,59.9000000,56.9000000,57.8000000,40960
KMAZ,D,07/10/19,00:00:00,57.2000000,58.2000000,57.1000000,57.8000000,5470
KMAZ,D,08/10/19,00:00:00,58.0000000,58.0000000,56.3000000,56.3000000,11850
KMAZ,D,09/10/19,00:00:00,56.4000000,59.3000000,56.4000000,58.3000000,22290
KMAZ,D,10/10/19,00:00:00,58.0000000,58.6000000,57.6000000,57.7000000,1530
KMAZ,D,11/10/19,00:00:00,58.7000000,59.0000000,56.5000000,57.0000000,16960
KMAZ,D,14/10/19,00:00:00,57.1000000,57.6000000,56.5000000,56.7000000,7300
KMAZ,D,15/10/19,00:00:00,56.3000000,58.5000000,56.2000000,56.8000000,17440
KMAZ,D,16/10/19,00:00:00,56.2000000,58.0000000,56.1000000,57.0000000,16220
KMAZ,D,17/10/19,00:00:00,58.2000000,58.2000000,56.6000000,57.2000000,9710
KMAZ,D,18/10/19,00:00:00,57.6000000,57.6000000,56.8000000,57.3000000,8980
KMAZ,D,21/10/19,00:00:00,58.1000000,58.1000000,56.6000000,57.1000000,2260
KMAZ,D,22/10/19,00:00:00,57.7000000,57.8000000,56.7000000,57.3000000,18640
KMAZ,D,23/10/19,00:00:00,56.9000000,57.1000000,56.4000000,56.6000000,21620
KMAZ,D,24/10/19,00:00:00,57.0000000,57.4000000,55.0000000,56.7000000,44420
KMAZ,D,25/10/19,00:00:00,55.8000000,56.7000000,55.8000000,56.6000000,7010
KMAZ,D,28/10/19,00:00:00,56.8000000,56.9000000,54.5000000,56.4000000,14830
KMAZ,D,29/10/19,00:00:00,56.4000000,56.5000000,55.8000000,56.2000000,7740
KMAZ,D,30/10/19,00:00:00,56.0000000,56.3000000,55.6000000,55.7000000,14140
KMAZ,D,31/10/19,00:00:00,55.9000000,56.7000000,55.9000000,56.1000000,15110
KMAZ,D,01/11/19,00:00:00,56.2000000,56.6000000,55.8000000,56.2000000,11580
KMAZ,D,05/11/19,00:00:00,56.4000000,56.7000000,55.8000000,56.5000000,19290
KMAZ,D,06/11/19,00:00:00,56.8000000,57.0000000,56.2000000,56.6000000,13010
KMAZ,D,07/11/19,00:00:00,56.8000000,57.2000000,56.5000000,57.0000000,9770
KMAZ,D,08/11/19,00:00:00,57.2000000,58.1000000,56.9000000,58.0000000,159520
KMAZ,D,11/11/19,00:00:00,57.8000000,58.7000000,57.5000000,57.6000000,19650
KMAZ,D,12/11/19,00:00:00,58.3000000,58.3000000,57.6000000,57.9000000,9890
KMAZ,D,13/11/19,00:00:00,58.2000000,58.2000000,56.0000000,57.4000000,16450
KMAZ,D,14/11/19,00:00:00,56.9000000,57.7000000,56.8000000,57.0000000,2320
KMAZ,D,15/11/19,00:00:00,57.4000000,57.4000000,56.6000000,56.9000000,7470
KMAZ,D,18/11/19,00:00:00,57.3000000,57.3000000,56.2000000,56.4000000,9810
KMAZ,D,19/11/19,00:00:00,56.7000000,56.9000000,56.3000000,56.9000000,5610
KMAZ,D,20/11/19,00:00:00,56.9000000,57.7000000,56.6000000,57.5000000,12930
KMAZ,D,21/11/19,00:00:00,56.8000000,57.6000000,56.4000000,57.5000000,12290
KMAZ,D,22/11/19,00:00:00,57.0000000,57.9000000,56.2000000,57.7000000,23120
KMAZ,D,25/11/19,00:00:00,58.0000000,58.7000000,57.2000000,57.5000000,21350
KMAZ,D,26/11/19,00:00:00,57.3000000,58.1000000,57.0000000,57.9000000,18220
KMAZ,D,27/11/19,00:00:00,57.4000000,58.3000000,57.4000000,57.9000000,65270
KMAZ,D,28/11/19,00:00:00,57.7000000,58.6000000,57.6000000,57.8000000,21160
KMAZ,D,29/11/19,00:00:00,57.7000000,58.2000000,57.4000000,57.8000000,14880
KMAZ,D,02/12/19,00:00:00,58.0000000,58.2000000,57.5000000,57.6000000,18850
KMAZ,D,03/12/19,00:00:00,57.9000000,58.1000000,56.7000000,57.5000000,22020
KMAZ,D,04/12/19,00:00:00,57.3000000,57.3000000,56.6000000,57.2000000,6570
KMAZ,D,05/12/19,00:00:00,57.0000000,57.6000000,56.6000000,57.3000000,5510
KMAZ,D,06/12/19,00:00:00,56.8000000,58.3000000,56.8000000,57.9000000,14250
KMAZ,D,09/12/19,00:00:00,57.3000000,59.3000000,57.3000000,57.7000000,23570
KMAZ,D,10/12/19,00:00:00,58.0000000,58.3000000,57.5000000,57.5000000,6210
KMAZ,D,11/12/19,00:00:00,58.2000000,58.2000000,57.0000000,57.5000000,15050
KMAZ,D,12/12/19,00:00:00,57.2000000,58.7000000,57.1000000,58.4000000,33580
KMAZ,D,13/12/19,00:00:00,58.8000000,60.0000000,58.0000000,58.5000000,77660
KMAZ,D,16/12/19,00:00:00,58.5000000,58.9000000,57.8000000,58.2000000,40010
KMAZ,D,17/12/19,00:00:00,58.8000000,58.8000000,57.5000000,58.6000000,21530
KMAZ,D,18/12/19,00:00:00,58.2000000,58.4000000,57.4000000,57.8000000,19150
KMAZ,D,19/12/19,00:00:00,57.8000000,58.0000000,57.5000000,57.7000000,11300
KMAZ,D,20/12/19,00:00:00,58.0000000,58.0000000,56.9000000,57.3000000,20190
KMAZ,D,23/12/19,00:00:00,57.0000000,57.5000000,56.6000000,57.1000000,21280
KMAZ,D,24/12/19,00:00:00,57.1000000,57.2000000,56.8000000,56.8000000,9970
KMAZ,D,25/12/19,00:00:00,56.8000000,57.3000000,56.8000000,57.3000000,6870
KMAZ,D,26/12/19,00:00:00,57.4000000,58.3000000,57.4000000,57.9000000,32370
KMAZ,D,27/12/19,00:00:00,58.1000000,58.3000000,57.5000000,57.8000000,61080
KMAZ,D,30/12/19,00:00:00,57.9000000,63.0000000,57.3000000,60.4000000,532950
