Date;0.25;0.5;0.75;1;2;3;5;7;10;15;20;30
30/12/2019;4.79;4.94;5.08;5.21;5.61;5.82;6.10;6.27;6.41;6.52;6.56;6.60
27/12/2019;4.98;5.09;5.21;5.32;5.68;5.89;6.17;6.33;6.48;6.59;6.64;6.68
26/12/2019;5.31;5.35;5.40;5.46;5.67;5.80;6.05;6.27;6.48;6.66;6.75;6.83
25/12/2019;5.32;5.35;5.39;5.43;5.65;5.81;6.10;6.31;6.49;6.66;6.74;6.82
24/12/2019;5.39;5.41;5.44;5.49;5.68;5.84;6.11;6.31;6.50;6.66;6.74;6.82
23/12/2019;5.45;5.46;5.48;5.52;5.70;5.86;6.14;6.35;6.54;6.70;6.77;6.83
20/12/2019;5.45;5.45;5.47;5.51;5.70;5.87;6.16;6.35;6.53;6.69;6.77;6.84
19/12/2019;5.53;5.52;5.53;5.55;5.72;5.88;6.16;6.36;6.55;6.71;6.79;6.86
18/12/2019;5.62;5.59;5.58;5.59;5.70;5.85;6.12;6.32;6.52;6.70;6.79;6.87
17/12/2019;5.68;5.63;5.60;5.60;5.72;5.87;6.14;6.33;6.51;6.67;6.75;6.83
16/12/2019;5.64;5.59;5.56;5.56;5.70;5.87;6.15;6.34;6.52;6.68;6.76;6.84
13/12/2019;5.64;5.58;5.55;5.56;5.70;5.88;6.17;6.36;6.54;6.69;6.77;6.83
12/12/2019;5.71;5.67;5.64;5.64;5.71;5.86;6.13;6.33;6.53;6.71;6.80;6.89
11/12/2019;5.80;5.76;5.73;5.72;5.80;5.94;6.21;6.39;6.58;6.75;6.84;6.92
10/12/2019;5.86;5.82;5.79;5.78;5.82;5.95;6.20;6.38;6.56;6.73;6.81;6.89
09/12/2019;5.77;5.74;5.74;5.74;5.83;5.96;6.19;6.37;6.56;6.74;6.83;6.91
06/12/2019;5.82;5.78;5.76;5.76;5.83;5.96;6.19;6.37;6.55;6.73;6.83;6.91
05/12/2019;5.89;5.84;5.80;5.79;5.85;5.98;6.21;6.38;6.56;6.74;6.84;6.91
04/12/2019;5.89;5.84;5.80;5.79;5.85;5.97;6.20;6.37;6.55;6.73;6.82;6.90
03/12/2019;5.90;5.83;5.79;5.78;5.85;5.99;6.24;6.40;6.58;6.75;6.84;6.91
02/12/2019;5.94;5.86;5.81;5.79;5.85;5.98;6.24;6.42;6.60;6.78;6.87;6.95
29/11/2019;6.00;5.90;5.84;5.80;5.83;5.97;6.22;6.40;6.58;6.76;6.85;6.92
28/11/2019;6.03;5.91;5.84;5.81;5.83;5.97;6.22;6.40;6.58;6.76;6.85;6.92
27/11/2019;6.05;5.92;5.83;5.79;5.80;5.93;6.19;6.37;6.56;6.73;6.82;6.89
26/11/2019;6.10;5.96;5.87;5.82;5.80;5.92;6.18;6.37;6.56;6.73;6.81;6.87
25/11/2019;5.97;5.85;5.78;5.74;5.80;5.94;6.20;6.37;6.54;6.69;6.76;6.82
22/11/2019;6.03;5.90;5.81;5.77;5.79;5.93;6.17;6.35;6.52;6.68;6.75;6.81
21/11/2019;6.12;5.97;5.87;5.81;5.81;5.94;6.19;6.37;6.54;6.67;6.73;6.78
20/11/2019;6.08;5.95;5.86;5.81;5.82;5.95;6.20;6.37;6.53;6.66;6.73;6.79
19/11/2019;5.99;5.90;5.83;5.80;5.83;5.96;6.20;6.38;6.56;6.71;6.79;6.87
18/11/2019;5.94;5.86;5.81;5.79;5.84;5.98;6.24;6.42;6.61;6.78;6.86;6.94
15/11/2019;5.91;5.84;5.80;5.78;5.86;6.00;6.24;6.41;6.60;6.78;6.86;6.93
14/11/2019;6.01;5.91;5.86;5.83;5.89;6.03;6.27;6.44;6.63;6.79;6.88;6.95
13/11/2019;5.92;5.86;5.83;5.82;5.91;6.06;6.32;6.51;6.70;6.86;6.94;7.00
12/11/2019;5.95;5.90;5.86;5.85;5.90;6.04;6.26;6.43;6.63;6.83;6.94;7.04
11/11/2019;5.84;5.82;5.81;5.80;5.86;5.99;6.22;6.40;6.62;6.83;6.95;7.08
08/11/2019;5.74;5.73;5.73;5.73;5.80;5.94;6.16;6.34;6.55;6.78;6.91;7.04
07/11/2019;5.75;5.75;5.76;5.76;5.82;5.94;6.14;6.30;6.50;6.74;6.89;7.04
06/11/2019;5.77;5.79;5.80;5.82;5.90;5.99;6.16;6.31;6.50;6.75;6.90;7.05
05/11/2019;5.85;5.86;5.87;5.88;5.92;6.00;6.16;6.31;6.51;6.74;6.89;7.06
01/11/2019;5.89;5.90;5.90;5.91;5.95;6.02;6.17;6.32;6.51;6.74;6.89;7.06
31/10/2019;5.97;5.97;5.97;5.97;5.99;6.06;6.24;6.40;6.59;6.81;6.96;7.14
30/10/2019;5.94;5.95;5.96;5.96;6.00;6.07;6.23;6.38;6.56;6.77;6.92;7.09
29/10/2019;5.96;5.97;5.98;5.98;6.01;6.07;6.21;6.34;6.53;6.73;6.87;7.06
28/10/2019;5.96;5.97;5.98;5.98;6.01;6.06;6.19;6.33;6.50;6.71;6.87;7.08
25/10/2019;6.00;6.00;6.01;6.02;6.05;6.09;6.21;6.34;6.53;6.74;6.89;7.10
24/10/2019;6.08;6.09;6.09;6.09;6.11;6.16;6.30;6.44;6.62;6.83;6.99;7.22
23/10/2019;6.08;6.09;6.10;6.10;6.12;6.16;6.28;6.41;6.58;6.81;6.98;7.22
22/10/2019;6.06;6.07;6.08;6.09;6.13;6.17;6.28;6.41;6.59;6.82;7.00;7.26
21/10/2019;6.08;6.09;6.10;6.11;6.15;6.20;6.32;6.45;6.64;6.88;7.07;7.33
18/10/2019;6.07;6.08;6.10;6.11;6.17;6.24;6.37;6.50;6.69;6.93;7.13;7.41
17/10/2019;6.26;6.27;6.27;6.27;6.31;6.36;6.47;6.59;6.77;7.00;7.19;7.48
16/10/2019;6.30;6.30;6.31;6.31;6.34;6.38;6.49;6.61;6.79;7.03;7.24;7.55
15/10/2019;6.33;6.33;6.32;6.32;6.32;6.36;6.47;6.60;6.79;7.04;7.26;7.58
14/10/2019;6.27;6.31;6.34;6.35;6.37;6.39;6.47;6.59;6.78;7.11;7.38;7.74
11/10/2019;6.34;6.34;6.35;6.35;6.36;6.40;6.50;6.62;6.82;7.14;7.40;7.77
10/10/2019;6.32;6.32;6.33;6.33;6.35;6.39;6.50;6.64;6.85;7.19;7.46;7.82
09/10/2019;6.40;6.40;6.40;6.41;6.48;6.53;6.63;6.75;6.96;7.28;7.54;7.89
08/10/2019;6.48;6.48;6.49;6.50;6.52;6.56;6.66;6.78;6.99;7.32;7.57;7.91
07/10/2019;6.43;6.44;6.45;6.46;6.51;6.56;6.65;6.77;6.97;7.30;7.55;7.87
04/10/2019;6.40;6.42;6.44;6.46;6.54;6.60;6.72;6.85;7.06;7.39;7.63;7.94
03/10/2019;6.46;6.47;6.49;6.51;6.60;6.67;6.80;6.93;7.15;7.47;7.71;8.00
02/10/2019;6.45;6.47;6.48;6.51;6.60;6.67;6.80;6.95;7.16;7.49;7.73;8.02
01/10/2019;6.53;6.52;6.52;6.53;6.60;6.68;6.81;6.94;7.16;7.48;7.72;8.02
30/09/2019;6.56;6.54;6.53;6.53;6.60;6.67;6.80;6.93;7.15;7.47;7.72;8.02
27/09/2019;6.49;6.50;6.51;6.53;6.60;6.66;6.78;6.92;7.14;7.45;7.69;7.99
26/09/2019;6.58;6.55;6.53;6.53;6.62;6.68;6.79;6.92;7.13;7.45;7.69;8.00
25/09/2019;6.49;6.50;6.51;6.54;6.64;6.70;6.79;6.92;7.13;7.46;7.70;7.99
24/09/2019;6.56;6.55;6.55;6.56;6.64;6.70;6.81;6.93;7.14;7.46;7.70;7.98
23/09/2019;6.61;6.61;6.61;6.62;6.66;6.69;6.78;6.92;7.14;7.46;7.69;7.97
20/09/2019;6.57;6.57;6.57;6.57;6.61;6.65;6.78;6.92;7.13;7.45;7.69;7.97
19/09/2019;6.67;6.65;6.63;6.62;6.62;6.67;6.78;6.92;7.14;7.46;7.70;7.97
18/09/2019;6.67;6.64;6.63;6.62;6.65;6.70;6.82;6.95;7.15;7.47;7.71;7.99
17/09/2019;6.76;6.70;6.66;6.64;6.67;6.71;6.82;6.95;7.17;7.50;7.74;8.03
16/09/2019;6.74;6.69;6.66;6.64;6.66;6.69;6.79;6.92;7.14;7.47;7.72;8.01
13/09/2019;6.66;6.63;6.61;6.61;6.64;6.68;6.78;6.90;7.12;7.45;7.70;8.02
12/09/2019;6.68;6.67;6.66;6.65;6.64;6.67;6.77;6.91;7.12;7.45;7.69;7.99
11/09/2019;6.68;6.66;6.65;6.65;6.67;6.70;6.81;6.95;7.15;7.47;7.71;8.01
10/09/2019;6.75;6.72;6.70;6.69;6.68;6.71;6.81;6.94;7.15;7.48;7.72;8.02
09/09/2019;6.65;6.64;6.63;6.63;6.65;6.69;6.80;6.94;7.16;7.47;7.71;7.99
06/09/2019;6.66;6.66;6.66;6.66;6.66;6.69;6.80;6.93;7.15;7.46;7.70;7.99
05/09/2019;6.72;6.70;6.68;6.67;6.68;6.71;6.79;6.92;7.15;7.47;7.70;7.97
04/09/2019;6.70;6.69;6.68;6.68;6.69;6.71;6.79;6.91;7.13;7.43;7.65;7.92
03/09/2019;6.74;6.73;6.73;6.72;6.74;6.77;6.87;7.00;7.21;7.49;7.69;7.95
02/09/2019;6.67;6.68;6.69;6.70;6.74;6.77;6.88;7.01;7.21;7.48;7.67;7.91
30/08/2019;6.69;6.70;6.71;6.72;6.76;6.79;6.89;7.01;7.22;7.48;7.66;7.88
29/08/2019;6.75;6.76;6.77;6.79;6.83;6.87;6.98;7.09;7.27;7.50;7.67;7.89
28/08/2019;6.77;6.78;6.80;6.81;6.87;6.91;7.00;7.10;7.27;7.51;7.68;7.89
27/08/2019;6.79;6.81;6.83;6.85;6.89;6.92;7.02;7.14;7.31;7.54;7.70;7.91
26/08/2019;6.74;6.77;6.79;6.82;6.88;6.92;7.03;7.15;7.31;7.52;7.67;7.86
23/08/2019;6.75;6.77;6.80;6.82;6.88;6.93;7.03;7.13;7.29;7.51;7.66;7.85
22/08/2019;6.76;6.78;6.80;6.82;6.88;6.93;7.03;7.13;7.29;7.49;7.64;7.82
21/08/2019;6.71;6.74;6.77;6.80;6.91;6.96;7.05;7.15;7.30;7.51;7.66;7.84
20/08/2019;6.77;6.80;6.84;6.87;6.97;7.03;7.11;7.21;7.37;7.59;7.74;7.91
19/08/2019;6.73;6.79;6.84;6.89;7.02;7.07;7.16;7.26;7.42;7.63;7.77;7.94
16/08/2019;6.76;6.78;6.81;6.84;6.95;7.03;7.15;7.25;7.40;7.60;7.74;7.91
15/08/2019;6.77;6.80;6.83;6.86;6.97;7.04;7.16;7.27;7.43;7.64;7.78;7.94
14/08/2019;6.75;6.78;6.81;6.84;6.97;7.06;7.17;7.27;7.41;7.62;7.76;7.92
13/08/2019;6.77;6.79;6.82;6.85;6.96;7.04;7.16;7.25;7.39;7.59;7.73;7.91
12/08/2019;6.71;6.74;6.77;6.81;6.96;7.04;7.16;7.27;7.41;7.61;7.76;7.94
09/08/2019;6.70;6.75;6.79;6.83;6.93;7.01;7.13;7.24;7.39;7.59;7.74;7.93
08/08/2019;6.76;6.79;6.81;6.84;6.94;7.02;7.13;7.23;7.37;7.57;7.72;7.91
07/08/2019;6.76;6.78;6.81;6.84;6.94;7.01;7.11;7.22;7.39;7.62;7.78;7.97
06/08/2019;6.79;6.81;6.83;6.85;6.94;7.01;7.14;7.25;7.42;7.65;7.81;7.99
05/08/2019;6.75;6.77;6.79;6.82;6.92;7.02;7.17;7.30;7.47;7.69;7.84;8.01
02/08/2019;6.64;6.67;6.71;6.75;6.96;7.10;7.27;7.39;7.56;7.79;7.95;8.13
01/08/2019;6.63;6.66;6.69;6.73;6.87;6.97;7.13;7.25;7.43;7.67;7.84;8.04
31/07/2019;6.66;6.68;6.71;6.75;6.88;6.97;7.10;7.21;7.39;7.63;7.80;8.00
30/07/2019;6.70;6.72;6.74;6.77;6.88;6.97;7.12;7.25;7.43;7.68;7.85;8.02
29/07/2019;6.65;6.68;6.71;6.76;6.92;7.01;7.11;7.22;7.40;7.63;7.79;7.96
26/07/2019;6.80;6.81;6.83;6.85;6.94;7.01;7.12;7.22;7.38;7.60;7.74;7.91
25/07/2019;6.77;6.79;6.80;6.82;6.88;6.93;7.04;7.15;7.31;7.52;7.65;7.79
24/07/2019;6.85;6.86;6.88;6.89;6.94;6.99;7.09;7.19;7.34;7.53;7.65;7.77
23/07/2019;6.86;6.87;6.89;6.91;6.97;7.03;7.14;7.24;7.37;7.53;7.63;7.74
22/07/2019;6.91;6.93;6.94;6.96;7.02;7.07;7.17;7.26;7.38;7.53;7.63;7.73
19/07/2019;6.92;6.94;6.96;6.97;7.04;7.10;7.21;7.31;7.43;7.58;7.68;7.77
18/07/2019;6.93;6.95;6.97;6.99;7.06;7.13;7.25;7.35;7.47;7.63;7.73;7.84
17/07/2019;6.93;6.95;6.97;6.99;7.06;7.13;7.25;7.35;7.46;7.59;7.67;7.76
16/07/2019;6.92;6.94;6.96;6.99;7.10;7.17;7.27;7.35;7.45;7.59;7.67;7.77
15/07/2019;6.91;6.93;6.95;6.98;7.08;7.15;7.25;7.33;7.45;7.58;7.67;7.76
12/07/2019;6.96;6.97;6.99;7.01;7.08;7.15;7.26;7.34;7.44;7.57;7.66;7.75
11/07/2019;6.96;6.97;6.98;6.99;7.04;7.09;7.20;7.29;7.40;7.53;7.61;7.71
10/07/2019;6.97;6.98;6.99;7.01;7.06;7.11;7.21;7.29;7.40;7.54;7.63;7.72
09/07/2019;6.97;6.99;7.01;7.02;7.09;7.15;7.25;7.33;7.43;7.56;7.63;7.71
08/07/2019;6.95;6.98;7.00;7.02;7.10;7.15;7.24;7.32;7.43;7.55;7.62;7.68
05/07/2019;6.94;6.96;6.99;7.01;7.10;7.18;7.30;7.37;7.44;7.53;7.58;7.63
04/07/2019;6.96;6.98;7.00;7.03;7.13;7.19;7.27;7.34;7.43;7.53;7.58;7.63
03/07/2019;6.93;6.96;7.00;7.03;7.15;7.22;7.30;7.37;7.47;7.57;7.62;7.67
02/07/2019;6.92;6.95;6.98;7.02;7.14;7.21;7.30;7.37;7.46;7.55;7.60;7.64
01/07/2019;6.99;7.01;7.04;7.06;7.15;7.22;7.31;7.38;7.45;7.54;7.58;7.61
28/06/2019;6.93;6.97;7.01;7.05;7.18;7.25;7.35;7.41;7.49;7.56;7.59;7.62
27/06/2019;6.96;7.00;7.03;7.06;7.17;7.25;7.36;7.43;7.50;7.58;7.62;7.65
26/06/2019;6.99;7.01;7.04;7.07;7.20;7.27;7.36;7.42;7.51;7.60;7.65;7.71
25/06/2019;7.03;7.03;7.04;7.06;7.15;7.22;7.33;7.41;7.50;7.60;7.65;7.71
24/06/2019;6.99;7.00;7.03;7.05;7.16;7.23;7.32;7.39;7.49;7.59;7.65;7.70
21/06/2019;7.00;7.02;7.04;7.07;7.16;7.24;7.37;7.45;7.53;7.62;7.69;7.76
20/06/2019;7.00;7.02;7.03;7.05;7.14;7.19;7.29;7.37;7.44;7.54;7.60;7.67
19/06/2019;7.08;7.07;7.07;7.09;7.19;7.27;7.36;7.43;7.52;7.62;7.68;7.75
18/06/2019;7.04;7.07;7.10;7.12;7.23;7.31;7.44;7.53;7.62;7.72;7.78;7.83
17/06/2019;7.12;7.14;7.15;7.17;7.25;7.34;7.49;7.59;7.69;7.81;7.90;8.00
14/06/2019;7.22;7.24;7.25;7.26;7.30;7.37;7.50;7.61;7.73;7.87;7.97;8.08
13/06/2019;7.26;7.27;7.29;7.30;7.34;7.41;7.54;7.65;7.77;7.92;8.03;8.16
11/06/2019;7.31;7.32;7.32;7.33;7.36;7.41;7.52;7.62;7.73;7.89;8.00;8.12
10/06/2019;7.30;7.31;7.32;7.33;7.36;7.41;7.53;7.64;7.75;7.91;8.03;8.17
07/06/2019;7.33;7.33;7.34;7.34;7.37;7.43;7.57;7.68;7.79;7.96;8.08;8.22
06/06/2019;7.35;7.36;7.37;7.37;7.39;7.46;7.58;7.69;7.82;8.00;8.13;8.27
05/06/2019;7.34;7.36;7.37;7.38;7.40;7.48;7.63;7.75;7.90;8.07;8.18;8.31
04/06/2019;7.35;7.36;7.38;7.39;7.45;7.53;7.70;7.82;7.94;8.11;8.23;8.37
03/06/2019;7.30;7.32;7.34;7.37;7.46;7.56;7.73;7.86;8.01;8.20;8.32;8.46
31/05/2019;7.30;7.32;7.34;7.35;7.41;7.52;7.71;7.84;7.99;8.18;8.30;8.44
30/05/2019;7.25;7.28;7.30;7.33;7.44;7.55;7.71;7.84;8.00;8.17;8.29;8.41
29/05/2019;7.30;7.33;7.35;7.37;7.46;7.58;7.77;7.91;8.07;8.24;8.35;8.45
28/05/2019;7.11;7.16;7.21;7.26;7.42;7.56;7.75;7.88;8.03;8.18;8.27;8.35
27/05/2019;7.13;7.17;7.22;7.26;7.42;7.56;7.76;7.89;8.03;8.17;8.25;8.32
24/05/2019;7.07;7.12;7.18;7.23;7.41;7.56;7.76;7.89;8.04;8.20;8.27;8.34
23/05/2019;7.06;7.12;7.18;7.23;7.42;7.58;7.78;7.90;8.05;8.19;8.27;8.33
22/05/2019;7.00;7.07;7.13;7.18;7.37;7.51;7.71;7.84;7.98;8.13;8.21;8.28
21/05/2019;6.94;7.03;7.11;7.18;7.42;7.60;7.81;7.92;8.05;8.19;8.26;8.32
20/05/2019;6.89;6.99;7.07;7.15;7.41;7.61;7.85;7.99;8.13;8.25;8.31;8.36
17/05/2019;6.92;7.01;7.09;7.16;7.43;7.64;7.88;8.02;8.17;8.32;8.40;8.46
16/05/2019;7.12;7.18;7.24;7.30;7.52;7.68;7.89;8.04;8.21;8.39;8.49;8.57
15/05/2019;7.18;7.24;7.30;7.36;7.57;7.71;7.91;8.06;8.26;8.48;8.59;8.69
14/05/2019;7.24;7.29;7.35;7.40;7.60;7.75;7.95;8.09;8.28;8.47;8.59;8.69
13/05/2019;7.25;7.31;7.36;7.42;7.62;7.76;7.96;8.10;8.28;8.46;8.57;8.66
10/05/2019;7.22;7.29;7.36;7.42;7.64;7.79;7.98;8.12;8.28;8.45;8.55;8.63
08/05/2019;7.23;7.29;7.35;7.41;7.61;7.76;7.93;8.06;8.23;8.41;8.50;8.58
07/05/2019;7.21;7.27;7.33;7.39;7.62;7.78;7.97;8.09;8.26;8.44;8.55;8.65
06/05/2019;7.31;7.35;7.40;7.45;7.63;7.77;7.95;8.09;8.27;8.48;8.61;8.75
03/05/2019;7.23;7.28;7.33;7.39;7.61;7.77;7.93;8.05;8.24;8.50;8.67;8.86
02/05/2019;7.24;7.28;7.33;7.38;7.59;7.74;7.93;8.06;8.25;8.51;8.68;8.88
30/04/2019;7.32;7.36;7.41;7.46;7.64;7.77;7.92;8.04;8.23;8.50;8.69;8.91
29/04/2019;7.38;7.41;7.45;7.49;7.66;7.79;7.94;8.06;8.26;8.53;8.73;8.97
26/04/2019;7.46;7.49;7.52;7.56;7.71;7.84;8.00;8.12;8.32;8.61;8.82;9.07
25/04/2019;7.57;7.58;7.60;7.62;7.74;7.86;8.03;8.17;8.37;8.66;8.86;9.11
24/04/2019;7.56;7.58;7.60;7.62;7.74;7.85;8.01;8.14;8.34;8.62;8.83;9.07
23/04/2019;7.61;7.62;7.63;7.64;7.73;7.83;8.00;8.16;8.37;8.66;8.86;9.12
22/04/2019;7.65;7.65;7.65;7.65;7.71;7.81;7.98;8.13;8.33;8.61;8.81;9.07
19/04/2019;7.56;7.57;7.57;7.59;7.69;7.81;7.98;8.13;8.33;8.61;8.81;9.05
18/04/2019;7.58;7.59;7.61;7.62;7.72;7.82;7.98;8.12;8.33;8.60;8.80;9.04
17/04/2019;7.61;7.61;7.61;7.62;7.71;7.81;7.98;8.13;8.32;8.58;8.76;8.99
16/04/2019;7.59;7.59;7.60;7.61;7.69;7.79;7.97;8.11;8.30;8.53;8.69;8.88
15/04/2019;7.51;7.53;7.56;7.59;7.71;7.83;8.00;8.13;8.30;8.53;8.68;8.87
12/04/2019;7.58;7.60;7.62;7.64;7.74;7.83;7.96;8.07;8.24;8.47;8.61;8.77
11/04/2019;7.53;7.55;7.57;7.59;7.71;7.82;7.97;8.08;8.24;8.44;8.57;8.72
10/04/2019;7.52;7.54;7.55;7.58;7.70;7.82;7.99;8.11;8.27;8.47;8.59;8.74
09/04/2019;7.57;7.58;7.59;7.61;7.71;7.83;8.02;8.17;8.34;8.54;8.66;8.81
08/04/2019;7.59;7.59;7.60;7.62;7.72;7.85;8.04;8.18;8.34;8.53;8.65;8.78
05/04/2019;7.62;7.63;7.64;7.66;7.76;7.88;8.07;8.21;8.38;8.55;8.66;8.77
04/04/2019;7.57;7.60;7.63;7.66;7.78;7.91;8.10;8.25;8.42;8.59;8.69;8.80
03/04/2019;7.45;7.50;7.54;7.59;7.77;7.92;8.10;8.23;8.40;8.58;8.67;8.76
02/04/2019;7.40;7.45;7.50;7.55;7.76;7.93;8.11;8.24;8.40;8.58;8.68;8.78
01/04/2019;7.41;7.46;7.50;7.55;7.75;7.91;8.10;8.23;8.39;8.59;8.71;8.82
29/03/2019;7.35;7.40;7.46;7.52;7.75;7.92;8.11;8.24;8.41;8.62;8.73;8.85
28/03/2019;7.43;7.47;7.52;7.57;7.75;7.89;8.05;8.18;8.35;8.54;8.65;8.75
27/03/2019;7.33;7.39;7.44;7.50;7.70;7.84;8.01;8.13;8.30;8.47;8.56;8.64
26/03/2019;7.32;7.37;7.42;7.48;7.67;7.81;7.97;8.08;8.23;8.39;8.48;8.55
25/03/2019;7.30;7.36;7.41;7.46;7.65;7.78;7.93;8.05;8.20;8.35;8.43;8.49
22/03/2019;7.12;7.20;7.28;7.35;7.63;7.82;8.03;8.16;8.30;8.43;8.50;8.55
21/03/2019;7.26;7.31;7.37;7.43;7.64;7.79;7.96;8.06;8.21;8.37;8.45;8.51
20/03/2019;7.13;7.22;7.30;7.38;7.64;7.82;8.03;8.15;8.30;8.44;8.51;8.57
19/03/2019;7.14;7.22;7.30;7.37;7.64;7.82;8.04;8.17;8.32;8.46;8.54;8.59
18/03/2019;7.12;7.21;7.29;7.37;7.63;7.82;8.05;8.19;8.34;8.46;8.51;8.54
15/03/2019;7.10;7.18;7.27;7.35;7.66;7.87;8.12;8.26;8.43;8.57;8.63;8.66
14/03/2019;7.22;7.27;7.32;7.38;7.65;7.86;8.12;8.28;8.45;8.60;8.67;8.72
13/03/2019;7.21;7.25;7.30;7.36;7.64;7.86;8.13;8.29;8.45;8.58;8.63;8.67
12/03/2019;7.15;7.21;7.28;7.35;7.64;7.86;8.13;8.29;8.44;8.56;8.61;8.63
11/03/2019;7.15;7.21;7.28;7.35;7.64;7.88;8.17;8.33;8.47;8.57;8.61;8.64
07/03/2019;7.14;7.20;7.27;7.35;7.65;7.88;8.16;8.33;8.48;8.60;8.65;8.67
06/03/2019;7.06;7.14;7.23;7.31;7.64;7.89;8.19;8.35;8.48;8.58;8.63;8.65
05/03/2019;7.12;7.20;7.29;7.37;7.65;7.87;8.15;8.30;8.45;8.56;8.59;8.60
04/03/2019;7.09;7.16;7.24;7.32;7.62;7.86;8.15;8.31;8.45;8.53;8.55;8.56
01/03/2019;7.16;7.24;7.31;7.38;7.66;7.88;8.14;8.29;8.43;8.52;8.54;8.53
28/02/2019;7.31;7.37;7.43;7.49;7.73;7.92;8.15;8.29;8.42;8.57;8.63;8.66
27/02/2019;7.37;7.41;7.46;7.52;7.74;7.93;8.19;8.35;8.51;8.70;8.81;8.91
26/02/2019;7.55;7.55;7.56;7.58;7.75;7.92;8.15;8.29;8.43;8.62;8.74;8.85
25/02/2019;7.54;7.54;7.55;7.58;7.74;7.88;8.08;8.23;8.40;8.59;8.70;8.81
22/02/2019;7.56;7.55;7.56;7.58;7.76;7.92;8.15;8.29;8.45;8.63;8.75;8.86
21/02/2019;7.52;7.53;7.56;7.60;7.78;7.93;8.14;8.28;8.45;8.64;8.76;8.88
20/02/2019;7.49;7.53;7.57;7.62;7.82;7.97;8.16;8.30;8.47;8.67;8.80;8.92
19/02/2019;7.59;7.61;7.64;7.67;7.83;7.98;8.18;8.31;8.47;8.66;8.79;8.91
18/02/2019;7.69;7.68;7.68;7.69;7.81;7.93;8.12;8.26;8.42;8.59;8.70;8.81
15/02/2019;7.80;7.78;7.76;7.76;7.86;7.97;8.15;8.28;8.42;8.58;8.67;8.76
14/02/2019;7.79;7.79;7.79;7.79;7.88;8.02;8.23;8.37;8.51;8.68;8.78;8.88
13/02/2019;7.65;7.67;7.69;7.71;7.80;7.90;8.09;8.23;8.37;8.54;8.65;8.77
12/02/2019;7.65;7.67;7.70;7.72;7.79;7.88;8.04;8.17;8.31;8.47;8.58;8.69
11/02/2019;7.63;7.65;7.68;7.70;7.79;7.88;8.03;8.15;8.29;8.44;8.53;8.63
08/02/2019;7.65;7.66;7.68;7.70;7.79;7.87;8.01;8.12;8.26;8.41;8.50;8.59
07/02/2019;7.61;7.65;7.68;7.71;7.80;7.89;8.03;8.14;8.27;8.42;8.50;8.57
06/02/2019;7.62;7.66;7.68;7.70;7.77;7.85;8.00;8.11;8.24;8.38;8.46;8.52
05/02/2019;7.64;7.67;7.69;7.71;7.80;7.86;7.97;8.08;8.21;8.33;8.39;8.41
04/02/2019;7.68;7.70;7.72;7.74;7.81;7.88;8.01;8.12;8.24;8.36;8.41;8.44
01/02/2019;7.65;7.67;7.69;7.71;7.79;7.86;8.00;8.12;8.23;8.33;8.36;8.38
31/01/2019;7.62;7.63;7.65;7.68;7.78;7.86;8.00;8.11;8.21;8.29;8.31;8.30
30/01/2019;7.57;7.61;7.65;7.69;7.85;7.97;8.15;8.27;8.38;8.46;8.48;8.46
29/01/2019;7.71;7.71;7.71;7.73;7.86;7.99;8.17;8.30;8.41;8.47;8.47;8.42
28/01/2019;7.50;7.55;7.60;7.66;7.85;8.00;8.19;8.32;8.41;8.45;8.43;8.38
25/01/2019;7.51;7.56;7.62;7.67;7.85;7.99;8.18;8.30;8.39;8.41;8.39;8.33
24/01/2019;7.44;7.50;7.57;7.63;7.85;7.98;8.15;8.26;8.35;8.39;8.38;8.34
23/01/2019;7.41;7.47;7.52;7.59;7.83;7.99;8.20;8.32;8.42;8.46;8.44;8.40
22/01/2019;7.44;7.48;7.52;7.58;7.82;7.98;8.18;8.30;8.40;8.45;8.44;8.40
21/01/2019;7.42;7.46;7.51;7.57;7.80;7.96;8.16;8.27;8.37;8.42;8.41;8.37
18/01/2019;7.39;7.43;7.47;7.52;7.76;7.94;8.16;8.29;8.39;8.43;8.43;8.39
17/01/2019;7.35;7.40;7.46;7.52;7.79;7.97;8.19;8.31;8.41;8.47;8.47;8.44
16/01/2019;7.34;7.36;7.41;7.47;7.76;7.94;8.15;8.27;8.36;8.43;8.44;8.41
15/01/2019;7.35;7.40;7.45;7.52;7.79;7.96;8.18;8.30;8.41;8.49;8.50;8.48
14/01/2019;7.43;7.47;7.51;7.57;7.81;8.00;8.24;8.37;8.49;8.59;8.61;8.60
11/01/2019;7.50;7.53;7.56;7.60;7.82;8.01;8.24;8.36;8.46;8.54;8.55;8.53
10/01/2019;7.45;7.49;7.54;7.60;7.86;8.05;8.28;8.41;8.52;8.59;8.60;8.58
09/01/2019;7.41;7.48;7.54;7.61;7.86;8.05;8.30;8.44;8.57;8.65;8.65;8.63
08/01/2019;7.18;7.26;7.34;7.43;7.79;8.06;8.41;8.61;8.78;8.93;8.99;9.02
04/01/2019;7.03;7.13;7.23;7.36;7.82;8.12;8.48;8.66;8.78;8.85;8.86;8.86
03/01/2019;6.96;7.10;7.23;7.36;7.82;8.14;8.50;8.67;8.77;8.83;8.84;8.84
29/12/2018;7.12;7.23;7.33;7.45;7.86;8.16;8.51;8.67;8.78;8.84;8.86;8.88
28/12/2018;7.18;7.27;7.37;7.48;7.89;8.18;8.53;8.69;8.81;8.89;8.92;8.95
27/12/2018;7.34;7.43;7.52;7.61;7.94;8.22;8.55;8.70;8.82;8.89;8.93;8.97
26/12/2018;7.20;7.33;7.45;7.57;7.97;8.25;8.58;8.75;8.86;8.95;8.99;9.04
25/12/2018;7.46;7.55;7.64;7.72;8.01;8.25;8.57;8.74;8.87;8.95;8.99;9.04
24/12/2018;7.59;7.67;7.74;7.79;8.01;8.24;8.56;8.73;8.83;8.89;8.92;8.97
21/12/2018;7.68;7.76;7.83;7.89;8.08;8.28;8.56;8.73;8.84;8.90;8.92;8.94
20/12/2018;7.64;7.75;7.84;7.92;8.16;8.34;8.58;8.72;8.81;8.87;8.89;8.91
19/12/2018;7.64;7.74;7.84;7.91;8.16;8.35;8.61;8.76;8.88;8.96;8.99;9.02
18/12/2018;7.66;7.75;7.84;7.91;8.15;8.34;8.61;8.77;8.89;8.96;8.99;9.01
17/12/2018;7.62;7.73;7.82;7.91;8.17;8.36;8.61;8.74;8.83;8.88;8.90;8.92
14/12/2018;7.62;7.72;7.81;7.90;8.17;8.36;8.58;8.70;8.80;8.86;8.88;8.89
13/12/2018;7.56;7.68;7.78;7.87;8.14;8.33;8.58;8.70;8.79;8.83;8.84;8.85
12/12/2018;7.47;7.58;7.69;7.78;8.09;8.30;8.53;8.65;8.74;8.79;8.81;8.81
11/12/2018;7.51;7.63;7.74;7.84;8.14;8.32;8.53;8.66;8.75;8.79;8.79;8.79
10/12/2018;7.53;7.62;7.72;7.80;8.08;8.27;8.51;8.66;8.78;8.84;8.84;8.84
07/12/2018;7.49;7.59;7.68;7.76;8.03;8.22;8.49;8.64;8.76;8.82;8.84;8.84
06/12/2018;7.47;7.57;7.66;7.75;8.04;8.26;8.54;8.70;8.82;8.88;8.88;8.87
05/12/2018;7.51;7.61;7.71;7.79;8.06;8.26;8.54;8.70;8.83;8.89;8.91;8.90
04/12/2018;7.48;7.59;7.69;7.78;8.03;8.24;8.51;8.66;8.76;8.80;8.80;8.79
03/12/2018;7.49;7.58;7.66;7.74;8.01;8.20;8.44;8.59;8.72;8.80;8.82;8.82
30/11/2018;7.55;7.63;7.70;7.77;8.01;8.20;8.49;8.68;8.83;8.91;8.93;8.94
29/11/2018;7.38;7.48;7.57;7.65;7.96;8.20;8.52;8.69;8.82;8.90;8.92;8.93
28/11/2018;7.41;7.52;7.62;7.71;8.03;8.27;8.61;8.81;8.96;9.04;9.07;9.08
27/11/2018;7.39;7.50;7.60;7.70;8.04;8.29;8.62;8.82;8.98;9.07;9.09;9.09
26/11/2018;7.37;7.50;7.61;7.73;8.11;8.37;8.72;8.91;9.04;9.11;9.13;9.15
23/11/2018;7.37;7.48;7.59;7.69;8.04;8.31;8.65;8.81;8.93;9.00;9.02;9.02
22/11/2018;7.41;7.51;7.61;7.70;8.02;8.26;8.55;8.70;8.83;8.89;8.91;8.91
21/11/2018;7.37;7.48;7.59;7.69;8.05;8.29;8.58;8.72;8.83;8.88;8.88;8.89
20/11/2018;7.28;7.41;7.53;7.64;8.01;8.29;8.61;8.77;8.87;8.92;8.94;8.95
19/11/2018;7.30;7.42;7.53;7.64;7.98;8.23;8.53;8.68;8.80;8.86;8.88;8.87
16/11/2018;7.31;7.42;7.53;7.63;7.98;8.23;8.51;8.66;8.78;8.85;8.86;8.86
15/11/2018;7.31;7.42;7.53;7.63;7.97;8.21;8.50;8.66;8.80;8.88;8.89;8.86
14/11/2018;7.32;7.44;7.56;7.68;8.07;8.32;8.57;8.70;8.81;8.84;8.82;8.76
13/11/2018;7.44;7.57;7.69;7.80;8.17;8.49;8.90;9.08;9.14;9.14;9.12;9.09
12/11/2018;7.41;7.55;7.67;7.78;8.14;8.44;8.84;9.02;9.10;9.12;9.12;9.10
09/11/2018;7.43;7.56;7.67;7.78;8.14;8.44;8.81;8.97;9.04;9.06;9.07;9.07
08/11/2018;7.43;7.55;7.67;7.78;8.14;8.39;8.68;8.82;8.91;8.94;8.95;8.95
07/11/2018;7.44;7.55;7.66;7.75;8.07;8.29;8.57;8.72;8.80;8.85;8.86;8.87
06/11/2018;7.41;7.52;7.63;7.73;8.05;8.26;8.50;8.63;8.71;8.74;8.74;8.74
02/11/2018;7.35;7.48;7.59;7.70;8.03;8.25;8.49;8.60;8.67;8.70;8.70;8.69
01/11/2018;7.38;7.50;7.61;7.71;8.05;8.26;8.50;8.61;8.69;8.71;8.71;8.70
31/10/2018;7.40;7.52;7.62;7.72;8.04;8.25;8.49;8.61;8.68;8.70;8.69;8.68
30/10/2018;7.40;7.51;7.62;7.72;8.04;8.25;8.48;8.60;8.70;8.73;8.73;8.71
29/10/2018;7.44;7.54;7.64;7.73;8.02;8.21;8.46;8.60;8.70;8.73;8.72;8.70
26/10/2018;7.42;7.53;7.63;7.72;8.02;8.23;8.50;8.65;8.74;8.76;8.75;8.73
25/10/2018;7.42;7.52;7.62;7.71;8.03;8.25;8.50;8.62;8.70;8.72;8.70;8.67
24/10/2018;7.42;7.51;7.59;7.66;7.96;8.20;8.47;8.59;8.67;8.70;8.69;8.66
23/10/2018;7.32;7.43;7.53;7.63;7.97;8.22;8.46;8.57;8.64;8.63;8.59;8.54
22/10/2018;7.21;7.36;7.49;7.60;7.94;8.17;8.42;8.53;8.60;8.59;8.56;8.50
19/10/2018;7.15;7.29;7.42;7.55;7.94;8.22;8.50;8.62;8.68;8.65;8.60;8.54
18/10/2018;7.14;7.28;7.40;7.52;7.92;8.21;8.52;8.65;8.71;8.69;8.64;8.57
17/10/2018;7.07;7.22;7.36;7.49;7.92;8.20;8.48;8.59;8.66;8.63;8.58;8.50
16/10/2018;7.13;7.26;7.38;7.50;7.90;8.17;8.45;8.58;8.67;8.65;8.58;8.49
15/10/2018;7.11;7.24;7.36;7.47;7.86;8.15;8.50;8.67;8.77;8.76;8.71;8.62
12/10/2018;7.05;7.21;7.36;7.50;7.95;8.24;8.60;8.79;8.91;8.90;8.85;8.77
11/10/2018;7.08;7.24;7.38;7.52;7.96;8.27;8.66;8.88;9.02;9.04;8.98;8.89
10/10/2018;7.05;7.21;7.36;7.50;7.92;8.23;8.64;8.86;8.98;8.99;8.94;8.86
09/10/2018;7.09;7.24;7.39;7.52;7.95;8.24;8.62;8.84;8.98;9.01;8.97;8.90
08/10/2018;7.12;7.29;7.44;7.57;7.97;8.24;8.63;8.85;8.98;8.98;8.92;8.83
05/10/2018;7.10;7.25;7.38;7.50;7.86;8.15;8.53;8.73;8.86;8.87;8.82;8.73
04/10/2018;7.12;7.26;7.39;7.50;7.87;8.15;8.51;8.71;8.83;8.85;8.80;8.71
03/10/2018;7.09;7.19;7.28;7.37;7.72;8.01;8.35;8.52;8.64;8.67;8.63;8.54
02/10/2018;7.12;7.20;7.28;7.37;7.70;7.98;8.31;8.47;8.59;8.62;8.58;8.49
01/10/2018;7.09;7.17;7.25;7.33;7.69;7.98;8.32;8.47;8.60;8.65;8.62;8.55
28/09/2018;7.02;7.10;7.19;7.27;7.65;7.98;8.36;8.55;8.69;8.73;8.70;8.62
27/09/2018;7.03;7.13;7.23;7.34;7.73;8.01;8.35;8.54;8.68;8.72;8.68;8.58
26/09/2018;7.06;7.18;7.30;7.41;7.81;8.08;8.43;8.63;8.77;8.78;8.72;8.62
25/09/2018;7.09;7.21;7.33;7.45;7.84;8.09;8.42;8.61;8.75;8.76;8.70;8.59
24/09/2018;7.12;7.26;7.39;7.52;7.90;8.12;8.40;8.57;8.71;8.72;8.66;8.53
21/09/2018;7.24;7.35;7.45;7.55;7.88;8.13;8.45;8.65;8.81;8.86;8.81;8.72
20/09/2018;7.24;7.35;7.46;7.56;7.89;8.13;8.48;8.69;8.83;8.83;8.78;8.72
19/09/2018;7.34;7.44;7.53;7.62;7.90;8.12;8.46;8.68;8.84;8.89;8.86;8.81
18/09/2018;7.31;7.44;7.57;7.67;7.99;8.23;8.58;8.79;8.94;8.99;8.97;8.91
17/09/2018;7.25;7.44;7.61;7.74;8.07;8.31;8.67;8.88;8.98;8.99;8.96;8.89
14/09/2018;7.30;7.45;7.58;7.69;8.02;8.26;8.60;8.81;8.95;9.01;8.99;8.95
13/09/2018;7.28;7.42;7.54;7.65;7.99;8.23;8.57;8.78;8.92;8.98;8.98;8.94
12/09/2018;7.28;7.44;7.58;7.69;8.01;8.25;8.60;8.80;8.92;8.95;8.93;8.88
11/09/2018;7.14;7.34;7.52;7.67;8.10;8.36;8.73;8.94;9.06;9.07;9.04;9.00
10/09/2018;7.30;7.53;7.72;7.89;8.34;8.65;9.02;9.18;9.24;9.21;9.16;9.10
07/09/2018;7.27;7.50;7.70;7.85;8.27;8.56;8.98;9.19;9.29;9.25;9.17;9.06
06/09/2018;7.20;7.41;7.60;7.74;8.14;8.45;8.91;9.16;9.28;9.26;9.20;9.11
05/09/2018;7.11;7.24;7.37;7.49;7.91;8.25;8.68;8.90;9.02;9.02;8.97;8.89
04/09/2018;7.05;7.18;7.31;7.43;7.86;8.19;8.62;8.83;8.93;8.95;8.91;8.85
03/09/2018;6.93;7.05;7.17;7.29;7.75;8.08;8.49;8.68;8.80;8.82;8.80;8.75
31/08/2018;6.96;7.10;7.23;7.37;7.82;8.13;8.51;8.69;8.80;8.81;8.77;8.72
30/08/2018;7.04;7.16;7.29;7.41;7.87;8.19;8.56;8.74;8.85;8.87;8.85;8.82
29/08/2018;7.18;7.27;7.37;7.47;7.87;8.15;8.50;8.67;8.79;8.84;8.83;8.80
28/08/2018;7.09;7.20;7.31;7.42;7.85;8.14;8.48;8.65;8.76;8.80;8.79;8.76
27/08/2018;7.10;7.21;7.32;7.44;7.86;8.13;8.46;8.63;8.74;8.79;8.78;8.75
24/08/2018;7.13;7.24;7.35;7.46;7.85;8.13;8.46;8.63;8.75;8.80;8.80;8.77
23/08/2018;7.14;7.25;7.36;7.47;7.88;8.17;8.49;8.66;8.76;8.79;8.79;8.77
22/08/2018;7.01;7.14;7.28;7.41;7.85;8.12;8.44;8.60;8.71;8.74;8.73;8.71
21/08/2018;7.03;7.16;7.29;7.41;7.83;8.12;8.44;8.59;8.69;8.72;8.71;8.68
20/08/2018;7.04;7.20;7.35;7.49;7.93;8.23;8.56;8.69;8.77;8.78;8.76;8.74
17/08/2018;7.16;7.31;7.45;7.58;7.99;8.27;8.57;8.70;8.77;8.78;8.78;8.76
16/08/2018;7.20;7.32;7.43;7.54;7.91;8.17;8.43;8.55;8.61;8.63;8.63;8.63
15/08/2018;7.32;7.42;7.51;7.60;7.90;8.16;8.42;8.51;8.56;8.57;8.57;8.56
14/08/2018;7.24;7.34;7.44;7.54;7.85;8.07;8.30;8.40;8.44;8.46;8.46;8.46
13/08/2018;7.24;7.34;7.43;7.52;7.81;8.05;8.34;8.46;8.50;8.49;8.48;8.49
10/08/2018;7.13;7.22;7.31;7.39;7.71;7.96;8.22;8.33;8.38;8.42;8.43;8.45
09/08/2018;7.20;7.25;7.30;7.37;7.64;7.86;8.11;8.23;8.31;8.36;8.38;8.40
08/08/2018;7.08;7.14;7.19;7.25;7.51;7.75;7.99;8.09;8.15;8.22;8.26;8.31
07/08/2018;6.86;6.94;7.01;7.08;7.34;7.55;7.77;7.88;7.98;8.04;8.07;8.09
06/08/2018;6.88;6.97;7.05;7.13;7.39;7.58;7.77;7.86;7.96;8.03;8.05;8.07
03/08/2018;6.88;6.97;7.04;7.12;7.35;7.52;7.72;7.83;7.94;8.00;8.03;8.04
02/08/2018;6.94;6.99;7.05;7.11;7.34;7.51;7.69;7.81;7.93;8.03;8.07;8.09
01/08/2018;6.94;6.99;7.03;7.08;7.27;7.41;7.58;7.69;7.83;7.97;8.03;8.09
31/07/2018;6.95;6.99;7.04;7.08;7.25;7.37;7.52;7.64;7.81;7.95;8.02;8.07
30/07/2018;6.90;6.95;7.00;7.04;7.23;7.37;7.56;7.70;7.87;8.01;8.07;8.12
27/07/2018;6.93;6.98;7.03;7.08;7.24;7.37;7.58;7.73;7.89;8.04;8.11;8.18
26/07/2018;6.96;7.00;7.04;7.08;7.23;7.35;7.54;7.69;7.88;8.06;8.15;8.26
25/07/2018;6.93;6.98;7.02;7.07;7.22;7.34;7.53;7.69;7.88;8.04;8.13;8.20
24/07/2018;6.76;6.81;6.87;6.94;7.16;7.31;7.50;7.65;7.83;8.01;8.10;8.17
23/07/2018;6.87;6.91;6.96;7.01;7.19;7.32;7.49;7.63;7.82;8.00;8.09;8.17
20/07/2018;6.80;6.86;6.91;6.97;7.16;7.30;7.49;7.64;7.83;8.00;8.09;8.17
19/07/2018;6.82;6.86;6.92;6.97;7.17;7.31;7.50;7.65;7.83;8.00;8.08;8.16
18/07/2018;6.74;6.80;6.87;6.93;7.15;7.30;7.47;7.60;7.78;7.91;7.96;7.99
17/07/2018;6.62;6.68;6.75;6.83;7.09;7.26;7.45;7.58;7.74;7.87;7.92;7.95
16/07/2018;6.62;6.68;6.74;6.80;7.03;7.18;7.36;7.50;7.69;7.86;7.93;7.98
13/07/2018;6.59;6.66;6.72;6.78;7.00;7.14;7.34;7.49;7.65;7.82;7.90;7.94
12/07/2018;6.62;6.68;6.74;6.80;7.00;7.14;7.34;7.50;7.67;7.84;7.92;7.96
11/07/2018;6.61;6.68;6.74;6.80;7.00;7.15;7.37;7.53;7.71;7.87;7.93;7.96
10/07/2018;6.61;6.68;6.75;6.81;7.01;7.16;7.38;7.55;7.71;7.87;7.93;7.95
09/07/2018;6.55;6.63;6.71;6.77;6.99;7.15;7.39;7.56;7.73;7.86;7.90;7.89
06/07/2018;6.59;6.66;6.73;6.80;7.04;7.22;7.46;7.62;7.80;7.93;7.96;7.94
05/07/2018;6.60;6.67;6.73;6.80;7.02;7.21;7.47;7.64;7.80;7.91;7.93;7.90
04/07/2018;6.58;6.66;6.73;6.79;7.04;7.24;7.52;7.69;7.84;7.92;7.93;7.89
03/07/2018;6.63;6.71;6.78;6.85;7.09;7.27;7.52;7.68;7.85;7.94;7.95;7.89
02/07/2018;6.63;6.70;6.77;6.83;7.06;7.25;7.53;7.69;7.83;7.90;7.89;7.82
29/06/2018;6.62;6.70;6.77;6.83;7.06;7.25;7.51;7.67;7.81;7.88;7.87;7.81
28/06/2018;6.69;6.76;6.83;6.89;7.13;7.31;7.55;7.69;7.84;7.93;7.91;7.83
27/06/2018;6.76;6.82;6.88;6.94;7.17;7.34;7.58;7.73;7.87;7.95;7.94;7.86
26/06/2018;6.77;6.84;6.89;6.95;7.15;7.34;7.59;7.73;7.85;7.89;7.86;7.77
25/06/2018;6.76;6.82;6.87;6.93;7.13;7.29;7.52;7.65;7.76;7.81;7.78;7.68
22/06/2018;6.79;6.85;6.90;6.95;7.12;7.29;7.52;7.66;7.76;7.81;7.78;7.68
21/06/2018;6.75;6.81;6.86;6.91;7.11;7.28;7.53;7.68;7.78;7.81;7.78;7.68
20/06/2018;6.79;6.84;6.89;6.94;7.13;7.30;7.54;7.69;7.80;7.85;7.84;7.77
19/06/2018;6.88;6.94;6.99;7.04;7.23;7.40;7.65;7.81;7.93;7.99;7.98;7.91
18/06/2018;6.74;6.81;6.88;6.93;7.12;7.29;7.58;7.80;7.97;8.03;8.00;7.94
15/06/2018;6.67;6.72;6.77;6.82;6.99;7.13;7.40;7.62;7.84;8.00;8.06;8.11
14/06/2018;6.59;6.63;6.68;6.72;6.85;6.97;7.22;7.44;7.68;7.90;8.01;8.12
13/06/2018;6.60;6.64;6.69;6.72;6.85;6.97;7.23;7.46;7.70;7.92;8.04;8.15
11/06/2018;6.63;6.68;6.72;6.76;6.84;6.92;7.14;7.36;7.62;7.85;7.97;8.11
09/06/2018;6.59;6.63;6.67;6.70;6.83;6.96;7.18;7.38;7.62;7.89;8.07;8.30
08/06/2018;6.62;6.66;6.69;6.72;6.84;6.95;7.19;7.40;7.64;7.90;8.09;8.37
07/06/2018;6.66;6.69;6.72;6.74;6.82;6.90;7.11;7.32;7.57;7.86;8.07;8.37
06/06/2018;6.53;6.59;6.64;6.68;6.80;6.89;7.08;7.27;7.52;7.85;8.10;8.43
05/06/2018;6.53;6.59;6.64;6.68;6.79;6.87;7.04;7.23;7.48;7.82;8.06;8.40
04/06/2018;6.53;6.59;6.63;6.67;6.78;6.86;7.04;7.22;7.46;7.79;8.04;8.37
01/06/2018;6.50;6.56;6.62;6.66;6.79;6.87;7.04;7.21;7.46;7.80;8.07;8.43
31/05/2018;6.50;6.56;6.62;6.67;6.81;6.90;7.07;7.24;7.49;7.84;8.10;8.45
30/05/2018;6.47;6.53;6.60;6.65;6.78;6.88;7.05;7.21;7.45;7.78;8.04;8.40
29/05/2018;6.51;6.56;6.61;6.65;6.78;6.87;7.05;7.22;7.46;7.79;8.04;8.40
28/05/2018;6.52;6.57;6.62;6.66;6.78;6.86;7.03;7.19;7.42;7.73;7.97;8.32
25/05/2018;6.49;6.55;6.60;6.65;6.78;6.87;7.03;7.19;7.44;7.77;8.03;8.40
24/05/2018;6.55;6.59;6.63;6.67;6.77;6.85;7.01;7.18;7.43;7.75;8.00;8.35
23/05/2018;6.51;6.56;6.61;6.65;6.78;6.87;7.04;7.21;7.46;7.81;8.07;8.44
22/05/2018;6.45;6.52;6.59;6.64;6.78;6.88;7.05;7.21;7.45;7.79;8.06;8.44
21/05/2018;6.53;6.58;6.63;6.67;6.79;6.89;7.07;7.25;7.50;7.85;8.12;8.50
18/05/2018;6.46;6.53;6.61;6.66;6.82;6.91;7.09;7.26;7.49;7.83;8.11;8.50
17/05/2018;6.50;6.57;6.63;6.68;6.80;6.87;7.04;7.22;7.45;7.78;8.04;8.43
16/05/2018;6.50;6.55;6.60;6.66;6.82;6.91;7.07;7.23;7.47;7.81;8.08;8.47
15/05/2018;6.56;6.61;6.65;6.69;6.77;6.85;7.04;7.24;7.48;7.82;8.09;8.48
14/05/2018;6.37;6.43;6.48;6.53;6.68;6.80;7.03;7.24;7.53;7.93;8.24;8.69
11/05/2018;6.31;6.37;6.42;6.47;6.61;6.72;6.95;7.16;7.45;7.86;8.19;8.66
10/05/2018;6.31;6.36;6.42;6.47;6.65;6.77;6.99;7.20;7.48;7.87;8.19;8.66
08/05/2018;6.33;6.38;6.44;6.50;6.67;6.78;7.01;7.23;7.51;7.91;8.23;8.71
07/05/2018;6.28;6.34;6.39;6.45;6.62;6.75;6.97;7.17;7.46;7.88;8.22;8.74
04/05/2018;6.35;6.40;6.45;6.50;6.67;6.77;6.99;7.19;7.44;7.81;8.13;8.62
03/05/2018;6.44;6.49;6.53;6.57;6.69;6.79;7.00;7.19;7.45;7.82;8.14;8.62
28/04/2018;6.27;6.32;6.37;6.43;6.60;6.70;6.93;7.13;7.37;7.73;8.05;8.58
27/04/2018;6.35;6.39;6.43;6.48;6.65;6.76;6.95;7.14;7.39;7.76;8.07;8.57
26/04/2018;6.40;6.44;6.49;6.55;6.72;6.83;7.01;7.19;7.43;7.80;8.12;8.65
25/04/2018;6.42;6.46;6.50;6.55;6.72;6.82;7.00;7.16;7.39;7.74;8.05;8.56
24/04/2018;6.41;6.44;6.47;6.51;6.68;6.79;6.97;7.13;7.36;7.70;8.00;8.50
23/04/2018;6.48;6.52;6.56;6.61;6.76;6.86;7.02;7.18;7.41;7.77;8.08;8.59
20/04/2018;6.53;6.56;6.60;6.64;6.78;6.87;7.02;7.16;7.38;7.70;7.98;8.45
19/04/2018;6.55;6.59;6.63;6.67;6.81;6.89;7.01;7.15;7.36;7.68;7.98;8.46
18/04/2018;6.59;6.63;6.66;6.70;6.84;6.92;7.06;7.20;7.40;7.73;8.02;8.51
17/04/2018;6.55;6.59;6.63;6.68;6.86;6.96;7.12;7.26;7.46;7.78;8.08;8.59
16/04/2018;6.69;6.71;6.74;6.78;6.91;7.00;7.18;7.34;7.53;7.82;8.09;8.59
13/04/2018;6.79;6.81;6.83;6.85;6.94;7.01;7.17;7.33;7.55;7.85;8.12;8.61
12/04/2018;6.62;6.66;6.70;6.75;6.89;6.96;7.09;7.24;7.47;7.83;8.14;8.68
11/04/2018;6.73;6.78;6.84;6.90;7.07;7.11;7.21;7.35;7.59;7.90;8.19;8.68
10/04/2018;6.94;6.95;6.97;6.98;7.03;7.08;7.26;7.45;7.68;7.97;8.25;8.75
09/04/2018;6.62;6.65;6.67;6.68;6.72;6.74;6.88;7.09;7.41;7.80;8.12;8.65
06/04/2018;6.15;6.19;6.22;6.25;6.37;6.46;6.64;6.84;7.16;7.60;7.98;8.58
05/04/2018;6.15;6.19;6.22;6.25;6.36;6.46;6.63;6.83;7.13;7.56;7.93;8.53
04/04/2018;6.07;6.11;6.15;6.19;6.32;6.43;6.64;6.85;7.14;7.59;7.98;8.61
03/04/2018;6.03;6.08;6.12;6.17;6.34;6.45;6.66;6.87;7.17;7.63;8.02;8.66
02/04/2018;6.00;6.04;6.08;6.13;6.30;6.42;6.63;6.84;7.15;7.60;7.99;8.63
30/03/2018;5.99;6.03;6.07;6.12;6.27;6.39;6.61;6.83;7.14;7.60;8.00;8.64
29/03/2018;6.01;6.05;6.10;6.15;6.33;6.44;6.65;6.86;7.16;7.60;7.98;8.60
28/03/2018;6.10;6.13;6.16;6.20;6.33;6.43;6.64;6.85;7.15;7.59;7.97;8.58
27/03/2018;6.12;6.16;6.19;6.22;6.34;6.42;6.62;6.84;7.15;7.58;7.95;8.56
26/03/2018;6.06;6.09;6.13;6.17;6.31;6.42;6.63;6.85;7.14;7.58;7.96;8.58
23/03/2018;6.02;6.06;6.10;6.14;6.28;6.39;6.60;6.82;7.11;7.54;7.92;8.55
22/03/2018;5.97;6.01;6.06;6.11;6.27;6.39;6.60;6.82;7.13;7.60;8.02;8.68
04/03/2016;9.08;9.26;9.29;9.29;9.26;9.28;9.30;9.27;9.19;9.14;9.13;9.14
03/03/2016;9.05;9.28;9.35;9.37;9.35;9.36;9.36;9.34;9.28;9.23;9.22;9.22
02/03/2016;9.12;9.38;9.46;9.47;9.44;9.45;9.44;9.39;9.31;9.27;9.26;9.27
01/03/2016;9.04;9.34;9.44;9.47;9.48;9.49;9.45;9.38;9.29;9.26;9.26;9.27
29/02/2016;9.15;9.48;9.60;9.64;9.65;9.68;9.73;9.70;9.59;9.51;9.49;9.49
26/02/2016;9.40;9.71;9.77;9.75;9.67;9.69;9.71;9.67;9.57;9.50;9.49;9.52
25/02/2016;9.38;9.74;9.84;9.84;9.78;9.80;9.81;9.75;9.64;9.59;9.59;9.62
24/02/2016;9.23;9.68;9.84;9.90;9.93;9.98;10.00;9.94;9.84;9.79;9.79;9.82
22/02/2016;8.79;9.25;9.52;9.69;9.92;9.99;10.01;9.96;9.85;9.79;9.80;9.85
20/02/2016;8.82;9.33;9.63;9.81;10.03;10.03;10.00;9.96;9.91;9.89;9.89;9.90
19/02/2016;8.99;9.51;9.76;9.88;10.01;10.05;10.07;10.03;9.96;9.91;9.90;9.91
18/02/2016;8.94;9.47;9.75;9.90;10.06;10.10;10.08;10.00;9.90;9.85;9.86;9.90
17/02/2016;9.17;9.71;9.94;10.03;10.12;10.20;10.24;10.19;10.09;10.03;10.03;10.06
16/02/2016;9.00;9.54;9.83;9.99;10.17;10.26;10.33;10.29;10.18;10.10;10.09;10.10
15/02/2016;8.92;9.44;9.77;9.97;10.25;10.30;10.31;10.25;10.11;10.03;10.04;10.08
12/02/2016;9.01;9.55;9.86;10.04;10.25;10.32;10.37;10.34;10.24;10.17;10.17;10.19
11/02/2016;8.94;9.46;9.79;9.99;10.30;10.40;10.45;10.40;10.27;10.19;10.19;10.22
10/02/2016;8.93;9.50;9.83;10.02;10.25;10.29;10.33;10.30;10.18;10.12;10.12;10.17
09/02/2016;8.98;9.49;9.81;10.01;10.29;10.37;10.45;10.44;10.34;10.27;10.27;10.29
08/02/2016;8.93;9.45;9.78;9.99;10.29;10.35;10.39;10.36;10.25;10.18;10.17;10.20
05/02/2016;9.01;9.51;9.81;9.99;10.22;10.27;10.30;10.27;10.16;10.09;10.08;10.11
04/02/2016;8.98;9.52;9.83;10.00;10.19;10.24;10.26;10.22;10.13;10.09;10.09;10.11
03/02/2016;8.87;9.37;9.72;9.95;10.33;10.42;10.42;10.38;10.31;10.27;10.26;10.27
02/02/2016;8.95;9.49;9.83;10.05;10.37;10.46;10.50;10.45;10.36;10.31;10.31;10.35
01/02/2016;9.03;9.62;9.93;10.10;10.29;10.35;10.38;10.35;10.28;10.24;10.24;10.26
29/01/2016;8.91;9.52;9.86;10.05;10.25;10.28;10.26;10.21;10.15;10.13;10.14;10.16
28/01/2016;8.84;9.46;9.81;9.99;10.19;10.19;10.18;10.15;10.09;10.06;10.06;10.09
27/01/2016;8.96;9.58;9.92;10.11;10.36;10.40;10.36;10.28;10.20;10.19;10.21;10.25
26/01/2016;8.86;9.48;9.88;10.14;10.53;10.57;10.51;10.44;10.38;10.37;10.40;10.45
25/01/2016;9.00;9.66;10.05;10.27;10.58;10.65;10.66;10.60;10.51;10.47;10.50;10.55
22/01/2016;8.91;9.58;9.96;10.19;10.52;10.59;10.59;10.54;10.47;10.45;10.48;10.51
21/01/2016;9.29;9.97;10.32;10.51;10.76;10.85;10.93;10.94;10.90;10.87;10.85;10.85
20/01/2016;9.38;10.07;10.40;10.56;10.72;10.80;10.89;10.91;10.90;10.86;10.83;10.80
19/01/2016;9.32;10.00;10.33;10.48;10.60;10.61;10.57;10.53;10.50;10.47;10.46;10.45
18/01/2016;9.43;10.11;10.43;10.57;10.70;10.72;10.72;10.68;10.62;10.57;10.56;10.55
15/01/2016;9.42;10.10;10.42;10.58;10.70;10.73;10.72;10.67;10.56;10.49;10.48;10.49
14/01/2016;9.54;10.19;10.46;10.55;10.59;10.62;10.60;10.50;10.36;10.29;10.28;10.30
13/01/2016;9.67;10.29;10.54;10.62;10.56;10.55;10.52;10.41;10.24;10.14;10.12;10.12
12/01/2016;9.70;10.33;10.62;10.74;10.65;10.54;10.46;10.39;10.24;10.14;10.11;10.10
11/01/2016;9.67;10.29;10.55;10.64;10.52;10.42;10.35;10.26;10.06;9.95;9.93;9.92
06/01/2016;8.65;9.24;9.61;9.84;10.09;10.02;9.85;9.74;9.61;9.50;9.46;9.44
05/01/2016;8.63;9.23;9.60;9.81;10.00;9.92;9.74;9.61;9.50;9.42;9.40;9.39
04/01/2016;8.77;9.34;9.70;9.91;10.07;9.97;9.80;9.67;9.51;9.39;9.35;9.34
21/03/2018;5.97;6.01;6.06;6.11;6.29;6.42;6.64;6.86;7.16;7.64;8.06;8.73
20/03/2018;5.99;6.04;6.08;6.13;6.30;6.42;6.66;6.88;7.20;7.69;8.11;8.79
19/03/2018;6.03;6.08;6.13;6.19;6.38;6.50;6.72;6.93;7.25;7.74;8.17;8.85
16/03/2018;6.07;6.11;6.16;6.20;6.37;6.49;6.72;6.94;7.24;7.71;8.13;8.80
15/03/2018;6.06;6.10;6.15;6.19;6.37;6.50;6.72;6.94;7.24;7.72;8.13;8.80
14/03/2018;6.04;6.08;6.13;6.18;6.36;6.48;6.71;6.91;7.21;7.67;8.07;8.74
13/03/2018;6.02;6.07;6.11;6.16;6.35;6.47;6.68;6.88;7.19;7.66;8.08;8.76
12/03/2018;6.07;6.11;6.15;6.19;6.36;6.47;6.68;6.88;7.19;7.65;8.07;8.75
07/03/2018;6.08;6.12;6.16;6.20;6.36;6.48;6.70;6.89;7.16;7.59;7.98;8.66
06/03/2018;6.16;6.20;6.24;6.27;6.41;6.51;6.70;6.89;7.18;7.64;8.05;8.73
05/03/2018;6.14;6.18;6.22;6.26;6.41;6.52;6.71;6.90;7.18;7.63;8.04;8.73
02/03/2018;6.17;6.20;6.24;6.28;6.43;6.53;6.72;6.91;7.19;7.64;8.05;8.74
01/03/2018;6.20;6.23;6.27;6.30;6.44;6.53;6.71;6.90;7.19;7.64;8.04;8.72
28/02/2018;6.14;6.18;6.22;6.26;6.40;6.49;6.67;6.86;7.13;7.56;7.95;8.61
27/02/2018;6.23;6.26;6.29;6.31;6.41;6.50;6.70;6.90;7.17;7.59;7.99;8.67
26/02/2018;6.14;6.17;6.21;6.24;6.38;6.48;6.66;6.84;7.13;7.58;7.99;8.67
22/02/2018;6.23;6.26;6.29;6.32;6.44;6.53;6.70;6.88;7.15;7.58;7.97;8.64
21/02/2018;6.23;6.26;6.29;6.33;6.45;6.53;6.70;6.87;7.14;7.56;7.94;8.61
20/02/2018;6.28;6.31;6.34;6.38;6.50;6.59;6.76;6.92;7.17;7.58;7.96;8.62
19/02/2018;6.32;6.34;6.36;6.38;6.45;6.55;6.73;6.90;7.16;7.56;7.93;8.58
16/02/2018;6.27;6.30;6.33;6.36;6.48;6.56;6.72;6.89;7.15;7.57;7.95;8.61
15/02/2018;6.28;6.31;6.34;6.37;6.50;6.60;6.77;6.95;7.22;7.64;8.03;8.70
14/02/2018;6.28;6.31;6.35;6.39;6.58;6.66;6.81;6.97;7.22;7.63;8.00;8.66
13/02/2018;6.44;6.46;6.48;6.51;6.59;6.67;6.83;7.00;7.25;7.63;7.99;8.62
12/02/2018;6.53;6.55;6.57;6.58;6.63;6.68;6.83;6.99;7.22;7.58;7.91;8.52
09/02/2018;6.59;6.61;6.62;6.64;6.67;6.71;6.84;7.00;7.23;7.57;7.88;8.46
08/02/2018;6.62;6.64;6.65;6.66;6.70;6.74;6.86;7.00;7.22;7.54;7.84;8.38
07/02/2018;6.64;6.66;6.68;6.69;6.72;6.74;6.85;6.99;7.20;7.52;7.81;8.35
06/02/2018;6.66;6.68;6.70;6.72;6.79;6.84;6.94;7.07;7.26;7.58;7.89;8.44
05/02/2018;6.66;6.68;6.70;6.72;6.79;6.82;6.91;7.04;7.24;7.56;7.86;8.40
02/02/2018;6.64;6.66;6.67;6.69;6.75;6.79;6.91;7.06;7.27;7.61;7.92;8.48
01/02/2018;6.67;6.69;6.71;6.72;6.77;6.81;6.93;7.08;7.29;7.62;7.92;8.47
31/01/2018;6.70;6.72;6.74;6.75;6.78;6.81;6.94;7.11;7.34;7.70;8.02;8.58
30/01/2018;6.68;6.70;6.72;6.74;6.79;6.83;6.99;7.17;7.42;7.78;8.11;8.69
29/01/2018;6.73;6.75;6.77;6.80;6.87;6.90;7.05;7.24;7.48;7.84;8.17;8.74
26/01/2018;6.66;6.68;6.71;6.74;6.84;6.90;7.06;7.22;7.47;7.85;8.18;8.77
25/01/2018;6.64;6.67;6.69;6.71;6.78;6.84;7.02;7.22;7.48;7.86;8.21;8.81
24/01/2018;6.64;6.67;6.70;6.72;6.79;6.84;7.00;7.18;7.45;7.83;8.17;8.75
23/01/2018;6.64;6.67;6.69;6.71;6.79;6.85;7.02;7.20;7.47;7.87;8.22;8.82
22/01/2018;6.64;6.67;6.70;6.72;6.79;6.85;7.02;7.22;7.51;7.92;8.27;8.86
19/01/2018;6.64;6.67;6.70;6.72;6.80;6.86;7.02;7.20;7.47;7.86;8.21;8.79
18/01/2018;6.61;6.64;6.66;6.68;6.75;6.83;7.02;7.23;7.51;7.91;8.26;8.84
17/01/2018;6.68;6.71;6.73;6.75;6.80;6.85;7.03;7.24;7.51;7.91;8.25;8.84
16/01/2018;6.62;6.64;6.67;6.70;6.79;6.85;7.03;7.23;7.51;7.90;8.24;8.81
15/01/2018;6.64;6.67;6.69;6.71;6.75;6.80;6.99;7.20;7.49;7.88;8.22;8.79
12/01/2018;6.54;6.59;6.64;6.67;6.75;6.82;7.00;7.21;7.52;7.97;8.36;9.01
11/01/2018;6.39;6.49;6.59;6.66;6.81;6.88;7.07;7.28;7.56;7.98;8.36;9.00
10/01/2018;6.39;6.45;6.52;6.58;6.75;6.84;7.04;7.26;7.56;8.02;8.42;9.09
09/01/2018;6.37;6.41;6.45;6.50;6.68;6.80;7.03;7.26;7.55;7.98;8.37;9.04
05/01/2018;6.41;6.43;6.47;6.52;6.73;6.88;7.11;7.31;7.60;8.04;8.45;9.14
04/01/2018;5.79;5.99;6.18;6.35;6.75;6.89;7.09;7.29;7.58;8.05;8.48;9.23
03/01/2018;6.16;6.27;6.38;6.49;6.79;6.93;7.15;7.35;7.63;8.06;8.49;9.25
29/12/2017;6.46;6.51;6.57;6.62;6.84;6.98;7.18;7.36;7.64;8.09;8.53;9.28
28/12/2017;6.18;6.30;6.43;6.53;6.81;6.94;7.14;7.35;7.66;8.20;8.71;9.57
27/12/2017;6.49;6.56;6.63;6.70;6.88;6.98;7.17;7.37;7.65;8.10;8.54;9.32
26/12/2017;6.71;6.73;6.76;6.78;6.89;7.00;7.16;7.34;7.63;8.08;8.51;9.27
25/12/2017;6.69;6.71;6.73;6.76;6.90;7.01;7.17;7.34;7.62;8.06;8.49;9.25
22/12/2017;6.78;6.80;6.82;6.83;6.91;6.99;7.15;7.34;7.63;8.07;8.49;9.24
21/12/2017;6.83;6.85;6.87;6.88;6.95;7.01;7.16;7.33;7.60;8.01;8.40;9.10
20/12/2017;6.89;6.91;6.93;6.94;7.01;7.06;7.17;7.32;7.59;8.01;8.40;9.11
19/12/2017;6.91;6.93;6.94;6.96;7.03;7.09;7.22;7.37;7.63;8.03;8.41;9.12
18/12/2017;6.94;6.96;6.97;6.98;7.03;7.09;7.23;7.40;7.64;8.00;8.35;9.03
15/12/2017;6.90;6.92;6.95;6.97;7.06;7.13;7.27;7.42;7.63;7.97;8.31;8.98
14/12/2017;7.08;7.10;7.11;7.13;7.18;7.22;7.34;7.47;7.65;7.97;8.30;8.95
13/12/2017;7.05;7.07;7.09;7.12;7.19;7.24;7.35;7.47;7.65;7.97;8.30;8.94
12/12/2017;7.09;7.11;7.13;7.14;7.18;7.22;7.34;7.47;7.65;7.96;8.29;8.93
11/12/2017;7.13;7.14;7.15;7.16;7.20;7.24;7.36;7.47;7.64;7.96;8.30;8.94
08/12/2017;7.12;7.13;7.14;7.15;7.19;7.24;7.35;7.46;7.64;7.97;8.31;8.96
07/12/2017;7.16;7.17;7.17;7.18;7.21;7.26;7.36;7.47;7.65;7.97;8.30;8.94
06/12/2017;7.15;7.15;7.16;7.16;7.20;7.25;7.38;7.50;7.65;7.96;8.28;8.92
05/12/2017;7.16;7.17;7.18;7.18;7.22;7.27;7.38;7.48;7.64;7.95;8.27;8.90
04/12/2017;7.17;7.17;7.18;7.18;7.22;7.28;7.40;7.52;7.67;7.97;8.30;8.93
01/12/2017;7.17;7.18;7.18;7.19;7.22;7.27;7.39;7.50;7.65;7.94;8.26;8.90
30/11/2017;7.23;7.23;7.24;7.24;7.28;7.33;7.43;7.52;7.65;7.93;8.25;8.88
29/11/2017;7.21;7.22;7.23;7.24;7.28;7.34;7.43;7.52;7.66;7.95;8.27;8.90
28/11/2017;7.20;7.21;7.22;7.23;7.28;7.33;7.42;7.50;7.65;7.94;8.26;8.89
27/11/2017;7.26;7.27;7.27;7.28;7.32;7.35;7.43;7.52;7.66;7.95;8.26;8.88
24/11/2017;7.28;7.29;7.29;7.30;7.32;7.36;7.46;7.55;7.68;7.96;8.26;8.89
23/11/2017;7.29;7.29;7.30;7.30;7.32;7.36;7.45;7.55;7.68;7.96;8.26;8.88
22/11/2017;7.31;7.32;7.32;7.33;7.36;7.40;7.48;7.56;7.68;7.94;8.24;8.86
21/11/2017;7.32;7.33;7.33;7.33;7.36;7.40;7.52;7.61;7.73;7.97;8.26;8.87
20/11/2017;7.36;7.36;7.37;7.37;7.39;7.43;7.53;7.62;7.72;7.96;8.25;8.85
17/11/2017;7.39;7.39;7.39;7.40;7.41;7.44;7.53;7.60;7.70;7.93;8.22;8.83
16/11/2017;7.37;7.38;7.38;7.39;7.43;7.47;7.57;7.64;7.71;7.93;8.22;8.83
15/11/2017;7.46;7.46;7.46;7.46;7.48;7.51;7.58;7.64;7.73;7.97;8.27;8.89
14/11/2017;7.43;7.43;7.43;7.43;7.47;7.51;7.61;7.68;7.77;8.01;8.31;8.95
13/11/2017;7.44;7.43;7.43;7.43;7.46;7.50;7.58;7.64;7.74;7.98;8.29;8.94
10/11/2017;7.51;7.49;7.48;7.47;7.47;7.49;7.55;7.60;7.69;7.92;8.23;8.87
09/11/2017;7.49;7.47;7.45;7.44;7.43;7.46;7.54;7.60;7.68;7.92;8.23;8.89
08/11/2017;7.59;7.56;7.53;7.51;7.47;7.49;7.55;7.60;7.67;7.90;8.23;8.93
07/11/2017;7.54;7.49;7.46;7.44;7.44;7.46;7.50;7.55;7.63;7.90;8.24;8.96
03/11/2017;7.57;7.52;7.48;7.45;7.44;7.46;7.50;7.55;7.65;7.94;8.28;9.00
02/11/2017;7.62;7.57;7.52;7.49;7.45;7.45;7.47;7.51;7.61;7.89;8.23;8.94
01/11/2017;7.57;7.53;7.50;7.48;7.45;7.45;7.49;7.53;7.62;7.87;8.20;8.90
31/10/2017;7.65;7.60;7.57;7.54;7.49;7.48;7.49;7.52;7.61;7.87;8.20;8.89
30/10/2017;7.66;7.58;7.51;7.48;7.45;7.45;7.48;7.53;7.62;7.87;8.19;8.85
27/10/2017;7.62;7.57;7.52;7.50;7.48;7.48;7.50;7.54;7.65;7.92;8.25;8.94
26/10/2017;7.62;7.56;7.51;7.47;7.41;7.41;7.46;7.51;7.63;7.89;8.21;8.91
25/10/2017;7.57;7.53;7.49;7.46;7.41;7.40;7.45;7.50;7.61;7.88;8.22;8.94
24/10/2017;7.58;7.54;7.50;7.47;7.42;7.41;7.42;7.48;7.61;7.90;8.23;8.93
23/10/2017;7.54;7.49;7.44;7.42;7.38;7.38;7.40;7.46;7.59;7.88;8.22;8.92
20/10/2017;7.50;7.48;7.46;7.44;7.39;7.37;7.41;7.47;7.60;7.89;8.25;8.99
19/10/2017;7.50;7.47;7.45;7.43;7.38;7.36;7.38;7.45;7.57;7.86;8.21;8.96
18/10/2017;7.52;7.50;7.47;7.45;7.38;7.36;7.39;7.45;7.57;7.88;8.26;9.03
17/10/2017;7.57;7.54;7.50;7.47;7.40;7.39;7.43;7.48;7.59;7.90;8.28;9.07
16/10/2017;7.60;7.54;7.49;7.45;7.38;7.37;7.40;7.46;7.59;7.92;8.33;9.13
13/10/2017;7.59;7.55;7.50;7.47;7.37;7.34;7.36;7.41;7.55;7.90;8.32;9.14
12/10/2017;7.77;7.69;7.61;7.56;7.43;7.39;7.37;7.42;7.54;7.89;8.30;9.09
11/10/2017;7.74;7.66;7.58;7.52;7.41;7.40;7.43;7.48;7.60;7.91;8.29;9.07
10/10/2017;7.70;7.64;7.58;7.53;7.43;7.43;7.48;7.53;7.64;7.92;8.28;9.02
09/10/2017;7.66;7.62;7.58;7.55;7.49;7.49;7.53;7.58;7.68;7.95;8.29;9.00
06/10/2017;7.74;7.67;7.60;7.56;7.48;7.48;7.51;7.55;7.65;7.93;8.26;8.96
05/10/2017;7.65;7.61;7.58;7.55;7.48;7.48;7.51;7.55;7.64;7.91;8.24;8.94
04/10/2017;7.67;7.63;7.60;7.57;7.53;7.53;7.55;7.58;7.66;7.92;8.26;8.94
03/10/2017;7.66;7.64;7.62;7.61;7.58;7.57;7.59;7.62;7.69;7.94;8.26;8.94
02/10/2017;7.69;7.64;7.60;7.58;7.58;7.59;7.60;7.61;7.69;7.95;8.29;8.98
29/09/2017;7.72;7.67;7.63;7.61;7.59;7.59;7.57;7.58;7.65;7.90;8.22;8.89
28/09/2017;7.73;7.69;7.65;7.63;7.62;7.62;7.62;7.62;7.69;7.91;8.21;8.86
27/09/2017;7.70;7.67;7.65;7.63;7.63;7.64;7.65;7.66;7.74;7.99;8.33;9.03
26/09/2017;7.67;7.65;7.63;7.61;7.60;7.60;7.59;7.61;7.70;7.96;8.31;9.02
25/09/2017;7.61;7.59;7.57;7.55;7.53;7.53;7.54;7.56;7.66;7.96;8.33;9.08
22/09/2017;7.56;7.54;7.53;7.53;7.53;7.53;7.53;7.55;7.63;7.91;8.28;9.02
21/09/2017;7.60;7.59;7.58;7.58;7.58;7.57;7.55;7.55;7.63;7.91;8.29;9.04
20/09/2017;7.65;7.63;7.61;7.60;7.56;7.53;7.50;7.51;7.60;7.90;8.28;9.02
19/09/2017;7.66;7.64;7.62;7.61;7.59;7.56;7.53;7.54;7.62;7.91;8.28;9.01
18/09/2017;7.65;7.63;7.62;7.61;7.59;7.57;7.54;7.54;7.63;7.92;8.29;9.02
15/09/2017;7.62;7.61;7.60;7.60;7.61;7.58;7.52;7.50;7.58;7.87;8.23;8.95
14/09/2017;7.69;7.67;7.65;7.65;7.62;7.59;7.53;7.52;7.60;7.89;8.24;8.97
13/09/2017;7.68;7.66;7.66;7.65;7.63;7.59;7.53;7.51;7.59;7.88;8.24;8.96
12/09/2017;7.72;7.69;7.68;7.66;7.63;7.60;7.54;7.52;7.59;7.88;8.25;8.99
11/09/2017;7.72;7.69;7.68;7.66;7.63;7.59;7.52;7.49;7.56;7.86;8.23;8.98
08/09/2017;7.74;7.71;7.69;7.68;7.64;7.59;7.52;7.50;7.56;7.83;8.19;8.95
07/09/2017;7.74;7.71;7.69;7.68;7.64;7.60;7.52;7.50;7.57;7.86;8.24;8.98
06/09/2017;7.85;7.79;7.74;7.71;7.64;7.60;7.52;7.50;7.55;7.81;8.17;8.90
05/09/2017;7.89;7.84;7.79;7.76;7.68;7.64;7.58;7.56;7.63;7.89;8.23;8.92
04/09/2017;7.86;7.84;7.82;7.80;7.73;7.69;7.65;7.65;7.71;7.93;8.23;8.88
01/09/2017;7.85;7.84;7.82;7.80;7.75;7.71;7.68;7.67;7.71;7.95;8.26;8.91
31/08/2017;7.88;7.86;7.84;7.82;7.77;7.73;7.70;7.70;7.76;8.00;8.30;8.93
30/08/2017;7.88;7.86;7.85;7.83;7.79;7.76;7.75;7.76;7.82;8.03;8.31;8.92
29/08/2017;7.90;7.88;7.86;7.84;7.81;7.80;7.80;7.81;7.85;8.05;8.34;8.97
28/08/2017;7.87;7.85;7.83;7.81;7.78;7.77;7.76;7.76;7.81;8.05;8.37;9.03
25/08/2017;7.86;7.84;7.82;7.81;7.78;7.77;7.76;7.77;7.83;8.07;8.38;9.04
24/08/2017;7.92;7.90;7.87;7.85;7.79;7.78;7.76;7.77;7.83;8.06;8.35;8.98
23/08/2017;7.87;7.86;7.84;7.83;7.79;7.77;7.75;7.76;7.82;8.03;8.32;8.93
22/08/2017;7.87;7.85;7.83;7.82;7.79;7.78;7.77;7.77;7.82;8.04;8.32;8.90
21/08/2017;7.87;7.85;7.84;7.83;7.79;7.78;7.77;7.77;7.82;8.02;8.28;8.87
18/08/2017;7.84;7.82;7.81;7.81;7.80;7.79;7.79;7.79;7.81;7.98;8.24;8.81
17/08/2017;7.89;7.87;7.85;7.84;7.81;7.80;7.78;7.77;7.80;7.98;8.23;8.78
16/08/2017;7.89;7.87;7.86;7.85;7.84;7.83;7.81;7.79;7.80;7.96;8.21;8.77
15/08/2017;7.84;7.83;7.83;7.83;7.86;7.88;7.85;7.81;7.79;7.95;8.22;8.79
14/08/2017;7.87;7.85;7.85;7.85;7.86;7.87;7.82;7.78;7.78;7.95;8.21;8.80
11/08/2017;7.90;7.88;7.88;7.88;7.91;7.92;7.86;7.80;7.80;7.97;8.22;8.78
10/08/2017;7.94;7.93;7.92;7.92;7.94;7.94;7.87;7.81;7.80;7.96;8.22;8.79
09/08/2017;7.98;7.96;7.95;7.95;7.96;7.96;7.89;7.82;7.82;8.00;8.27;8.84
08/08/2017;7.99;7.98;7.97;7.97;7.98;7.96;7.87;7.79;7.78;7.96;8.23;8.80
07/08/2017;7.97;7.95;7.94;7.94;7.95;7.94;7.86;7.78;7.78;7.95;8.20;8.75
04/08/2017;7.98;7.97;7.97;7.97;7.98;7.96;7.86;7.77;7.75;7.90;8.14;8.66
03/08/2017;8.04;8.03;8.02;8.02;8.02;8.01;7.93;7.84;7.82;7.96;8.18;8.69
02/08/2017;8.02;8.01;8.00;8.00;8.02;8.03;7.97;7.91;7.89;8.04;8.27;8.79
01/08/2017;8.05;8.04;8.02;8.02;8.03;8.03;7.97;7.90;7.88;8.01;8.24;8.78
31/07/2017;8.07;8.05;8.04;8.04;8.04;8.03;7.95;7.88;7.85;7.99;8.22;8.77
28/07/2017;8.07;8.05;8.04;8.04;8.04;8.02;7.93;7.85;7.83;7.99;8.25;8.82
27/07/2017;8.08;8.06;8.05;8.04;8.02;8.00;7.90;7.82;7.82;8.00;8.27;8.84
26/07/2017;8.02;8.01;8.01;8.02;8.07;8.06;7.97;7.89;7.90;8.08;8.35;8.92
25/07/2017;8.06;8.05;8.05;8.05;8.08;8.09;8.01;7.94;7.92;8.08;8.34;8.90
24/07/2017;8.07;8.05;8.05;8.05;8.09;8.09;8.02;7.94;7.92;8.11;8.39;9.00
21/07/2017;8.07;8.05;8.03;8.03;8.02;8.01;7.91;7.83;7.84;8.06;8.37;8.99
20/07/2017;8.11;8.10;8.08;8.07;8.04;8.00;7.89;7.81;7.83;8.05;8.34;8.95
19/07/2017;8.08;8.06;8.05;8.04;8.03;8.00;7.90;7.84;7.84;8.05;8.35;8.95
18/07/2017;8.10;8.08;8.06;8.05;8.02;7.99;7.89;7.82;7.84;8.05;8.34;8.92
17/07/2017;8.10;8.08;8.07;8.06;8.03;7.99;7.89;7.83;7.83;8.01;8.28;8.85
14/07/2017;8.13;8.11;8.10;8.08;8.05;8.00;7.89;7.81;7.81;7.99;8.26;8.81
13/07/2017;8.13;8.12;8.10;8.10;8.09;8.06;7.96;7.88;7.85;8.00;8.24;8.79
12/07/2017;8.14;8.12;8.11;8.10;8.11;8.09;7.99;7.91;7.90;8.06;8.31;8.84
11/07/2017;8.16;8.14;8.13;8.12;8.12;8.12;8.05;7.98;7.96;8.10;8.34;8.90
10/07/2017;8.14;8.12;8.11;8.10;8.08;8.07;7.99;7.93;7.92;8.06;8.31;8.88
07/07/2017;8.22;8.20;8.18;8.16;8.12;8.09;8.03;7.99;7.99;8.14;8.38;8.94
06/07/2017;8.22;8.19;8.17;8.15;8.10;8.06;7.98;7.93;7.93;8.07;8.32;8.89
05/07/2017;8.19;8.17;8.14;8.12;8.06;8.01;7.92;7.88;7.89;8.06;8.32;8.91
04/07/2017;8.14;8.11;8.09;8.07;8.01;7.96;7.85;7.78;7.79;7.98;8.26;8.85
03/07/2017;8.13;8.11;8.09;8.07;8.01;7.96;7.85;7.78;7.79;7.99;8.26;8.84
30/06/2017;8.11;8.09;8.07;8.06;8.01;7.96;7.85;7.78;7.78;7.98;8.25;8.82
29/06/2017;7.97;7.96;7.95;7.95;7.98;7.98;7.89;7.80;7.79;8.00;8.29;8.89
28/06/2017;7.92;7.90;7.89;7.89;7.93;7.93;7.85;7.78;7.79;8.02;8.32;8.92
27/06/2017;7.94;7.92;7.91;7.91;7.93;7.93;7.84;7.76;7.76;7.96;8.25;8.83
26/06/2017;7.90;7.88;7.87;7.88;7.92;7.93;7.85;7.76;7.75;7.96;8.24;8.81
23/06/2017;8.00;7.98;7.97;7.97;7.97;7.96;7.87;7.79;7.77;7.92;8.17;8.72
22/06/2017;7.99;7.97;7.96;7.96;7.98;7.97;7.92;7.89;7.91;8.08;8.34;8.92
21/06/2017;8.05;8.03;8.01;8.00;7.99;7.97;7.92;7.89;7.91;8.11;8.39;9.01
20/06/2017;8.07;8.05;8.03;8.03;8.03;8.01;7.96;7.93;7.96;8.17;8.48;9.12
19/06/2017;8.12;8.09;8.07;8.05;8.03;8.00;7.95;7.93;7.96;8.17;8.48;9.13
16/06/2017;8.14;8.11;8.08;8.06;8.01;7.97;7.91;7.88;7.91;8.11;8.42;9.07
15/06/2017;8.14;8.10;8.07;8.04;7.96;7.89;7.81;7.78;7.82;8.05;8.36;9.02
14/06/2017;8.07;8.03;7.99;7.96;7.87;7.80;7.70;7.67;7.71;7.93;8.25;8.92
13/06/2017;8.11;8.06;8.03;8.00;7.91;7.82;7.70;7.64;7.66;7.88;8.21;8.89
09/06/2017;8.14;8.10;8.06;8.03;7.92;7.83;7.70;7.65;7.67;7.90;8.23;8.90
08/06/2017;8.13;8.09;8.05;8.02;7.94;7.86;7.72;7.66;7.68;7.93;8.27;8.96
07/06/2017;8.20;8.15;8.11;8.07;7.96;7.86;7.72;7.66;7.69;7.94;8.29;8.99
06/06/2017;8.31;8.25;8.19;8.15;8.01;7.90;7.74;7.66;7.69;7.94;8.30;9.00
05/06/2017;8.46;8.37;8.30;8.23;8.05;7.93;7.76;7.68;7.69;7.94;8.28;8.98
02/06/2017;8.45;8.38;8.32;8.27;8.08;7.93;7.73;7.63;7.63;7.85;8.19;8.89
01/06/2017;8.47;8.40;8.34;8.29;8.09;7.93;7.71;7.61;7.61;7.84;8.19;8.87
31/05/2017;8.56;8.48;8.41;8.34;8.16;8.02;7.83;7.72;7.71;7.91;8.22;8.87
30/05/2017;8.50;8.43;8.38;8.34;8.19;8.04;7.82;7.71;7.69;7.90;8.22;8.87
29/05/2017;8.48;8.42;8.36;8.31;8.14;7.99;7.77;7.66;7.65;7.88;8.21;8.89
26/05/2017;8.54;8.47;8.41;8.36;8.18;8.04;7.81;7.69;7.67;7.89;8.21;8.88
25/05/2017;8.51;8.44;8.39;8.34;8.19;8.03;7.77;7.63;7.60;7.83;8.18;8.87
24/05/2017;8.51;8.43;8.36;8.31;8.16;8.00;7.76;7.63;7.60;7.82;8.15;8.83
23/05/2017;8.52;8.44;8.37;8.32;8.13;7.95;7.68;7.54;7.54;7.81;8.19;8.89
22/05/2017;8.45;8.37;8.31;8.26;8.10;7.94;7.68;7.56;7.55;7.80;8.16;8.84
19/05/2017;8.49;8.42;8.36;8.31;8.15;7.97;7.69;7.55;7.56;7.83;8.19;8.87
18/05/2017;8.46;8.39;8.33;8.29;8.15;8.01;7.77;7.65;7.65;7.88;8.21;8.87
17/05/2017;8.46;8.39;8.34;8.30;8.16;8.00;7.76;7.65;7.66;7.92;8.28;8.94
16/05/2017;8.45;8.38;8.33;8.29;8.14;7.97;7.70;7.58;7.60;7.88;8.25;8.93
15/05/2017;8.47;8.40;8.34;8.29;8.12;7.94;7.66;7.53;7.56;7.87;8.26;8.95
12/05/2017;8.41;8.35;8.29;8.24;8.08;7.93;7.72;7.62;7.64;7.87;8.21;8.85
11/05/2017;8.41;8.34;8.29;8.25;8.14;7.97;7.71;7.59;7.64;7.94;8.31;8.97
10/05/2017;8.56;8.48;8.42;8.37;8.18;7.98;7.71;7.59;7.64;7.94;8.31;8.96
05/05/2017;8.67;8.60;8.53;8.47;8.26;8.09;7.85;7.73;7.74;8.02;8.37;8.97
04/05/2017;8.55;8.48;8.41;8.35;8.18;8.02;7.79;7.68;7.71;8.02;8.38;8.96
03/05/2017;8.54;8.46;8.38;8.32;8.09;7.93;7.70;7.61;7.64;7.93;8.27;8.82
02/05/2017;8.58;8.49;8.41;8.33;8.08;7.89;7.66;7.57;7.62;7.92;8.25;8.77
28/04/2017;8.50;8.42;8.36;8.30;8.09;7.92;7.69;7.61;7.67;7.95;8.26;8.75
27/04/2017;8.41;8.35;8.31;8.28;8.18;8.05;7.83;7.73;7.77;8.02;8.30;8.75
26/04/2017;8.42;8.36;8.31;8.27;8.11;7.98;7.80;7.73;7.79;8.06;8.34;8.76
25/04/2017;8.46;8.39;8.33;8.28;8.11;7.96;7.77;7.71;7.79;8.07;8.34;8.73
24/04/2017;8.36;8.29;8.23;8.18;8.03;7.93;7.78;7.71;7.77;8.00;8.24;8.59
20/04/2017;8.75;8.65;8.56;8.48;8.22;8.05;7.88;7.84;7.88;8.02;8.14;8.29
19/04/2017;8.91;8.81;8.72;8.64;8.38;8.18;7.99;7.94;7.98;8.11;8.22;8.35
18/04/2017;9.00;8.90;8.80;8.72;8.44;8.24;8.04;7.98;8.00;8.09;8.18;8.30
17/04/2017;9.02;8.90;8.80;8.71;8.42;8.22;8.02;7.96;7.98;8.09;8.19;8.30
14/04/2017;9.12;9.00;8.89;8.78;8.46;8.25;8.03;7.96;7.99;8.11;8.20;8.32
13/04/2017;9.13;9.01;8.89;8.79;8.47;8.26;8.04;7.98;8.00;8.11;8.21;8.32
12/04/2017;9.23;9.09;8.96;8.85;8.51;8.30;8.10;8.04;8.08;8.19;8.28;8.38
11/04/2017;9.28;9.12;8.98;8.86;8.48;8.25;8.05;8.01;8.07;8.20;8.30;8.41
10/04/2017;9.42;9.25;9.09;8.94;8.49;8.23;8.00;7.96;8.02;8.17;8.27;8.38
07/04/2017;9.37;9.18;9.02;8.86;8.42;8.17;7.95;7.91;7.98;8.13;8.23;8.34
06/04/2017;9.46;9.24;9.04;8.87;8.36;8.09;7.86;7.84;7.92;8.06;8.16;8.26
05/04/2017;9.49;9.26;9.06;8.88;8.38;8.09;7.88;7.88;7.97;8.12;8.22;8.33
04/04/2017;9.46;9.25;9.06;8.90;8.42;8.17;7.95;7.92;7.98;8.12;8.22;8.32
03/04/2017;9.43;9.22;9.03;8.86;8.39;8.13;7.94;7.93;8.01;8.17;8.27;8.38
31/03/2017;9.53;9.30;9.10;8.92;8.40;8.15;7.94;7.91;7.98;8.12;8.22;8.32
30/03/2017;9.44;9.26;9.09;8.92;8.37;8.09;7.88;7.87;7.94;8.08;8.17;8.26
29/03/2017;9.56;9.36;9.17;8.99;8.41;8.12;7.94;7.94;8.01;8.11;8.17;8.23
28/03/2017;9.68;9.42;9.19;8.97;8.38;8.12;7.96;7.96;8.02;8.11;8.16;8.21
27/03/2017;9.70;9.41;9.16;8.94;8.35;8.11;7.97;7.97;8.01;8.07;8.11;8.14
24/03/2017;9.64;9.36;9.12;8.92;8.40;8.16;8.00;8.00;8.05;8.13;8.16;8.20
23/03/2017;9.69;9.43;9.20;9.00;8.43;8.17;8.00;8.01;8.08;8.17;8.22;8.28
22/03/2017;9.73;9.44;9.20;8.99;8.44;8.18;8.02;8.03;8.09;8.16;8.20;8.24
21/03/2017;9.62;9.38;9.17;8.98;8.46;8.18;7.97;7.96;8.02;8.12;8.19;8.25
20/03/2017;9.67;9.40;9.16;8.96;8.40;8.13;7.94;7.94;8.01;8.12;8.19;8.25
17/03/2017;9.65;9.39;9.17;8.98;8.44;8.15;7.95;7.94;8.02;8.16;8.24;8.33
16/03/2017;9.64;9.38;9.16;8.97;8.44;8.17;7.98;7.97;8.05;8.17;8.24;8.32
15/03/2017;9.69;9.44;9.22;9.03;8.50;8.24;8.07;8.06;8.13;8.25;8.31;8.37
14/03/2017;9.71;9.42;9.18;8.98;8.48;8.29;8.16;8.15;8.18;8.25;8.28;8.30
13/03/2017;9.64;9.38;9.16;8.97;8.48;8.28;8.13;8.11;8.16;8.25;8.30;8.35
10/03/2017;9.67;9.42;9.21;9.03;8.55;8.31;8.13;8.12;8.18;8.30;8.36;8.40
09/03/2017;9.68;9.44;9.24;9.06;8.58;8.35;8.20;8.19;8.24;8.33;8.38;8.40
07/03/2017;9.66;9.34;9.10;8.93;8.55;8.39;8.26;8.22;8.23;8.26;8.26;8.23
06/03/2017;9.70;9.36;9.13;8.96;8.60;8.44;8.31;8.28;8.27;8.29;8.30;8.28
03/03/2017;9.64;9.43;9.24;9.08;8.65;8.43;8.26;8.23;8.28;8.39;8.46;8.49
02/03/2017;9.67;9.45;9.26;9.10;8.68;8.48;8.33;8.29;8.31;8.37;8.40;8.41
01/03/2017;9.82;9.51;9.26;9.05;8.59;8.42;8.32;8.30;8.31;8.36;8.40;8.41
28/02/2017;9.80;9.51;9.27;9.08;8.62;8.43;8.32;8.31;8.34;8.41;8.45;8.47
27/02/2017;9.72;9.42;9.18;8.98;8.51;8.32;8.22;8.23;8.29;8.38;8.42;8.44
24/02/2017;9.53;9.26;9.05;8.88;8.53;8.41;8.31;8.27;8.31;8.42;8.47;8.48
22/02/2017;9.68;9.40;9.17;8.98;8.55;8.38;8.27;8.26;8.29;8.38;8.43;8.44
21/02/2017;9.60;9.29;9.06;8.88;8.49;8.34;8.27;8.27;8.30;8.36;8.39;8.40
20/02/2017;9.55;9.26;9.03;8.85;8.45;8.30;8.23;8.24;8.29;8.37;8.41;8.43
17/02/2017;9.62;9.38;9.17;9.00;8.56;8.37;8.24;8.22;8.28;8.39;8.47;8.53
16/02/2017;9.49;9.28;9.11;8.96;8.55;8.36;8.21;8.18;8.23;8.38;8.49;8.58
15/02/2017;9.57;9.30;9.06;8.87;8.40;8.23;8.12;8.12;8.19;8.34;8.45;8.55
14/02/2017;9.42;9.18;8.98;8.80;8.34;8.13;8.01;8.03;8.15;8.36;8.49;8.60
13/02/2017;9.43;9.19;8.98;8.80;8.33;8.11;7.98;8.00;8.12;8.32;8.44;8.56
10/02/2017;9.38;9.15;8.95;8.77;8.33;8.14;8.02;8.04;8.16;8.36;8.49;8.61
09/02/2017;9.40;9.14;8.92;8.74;8.29;8.10;8.01;8.06;8.20;8.40;8.52;8.63
08/02/2017;9.36;9.12;8.92;8.75;8.32;8.14;8.07;8.13;8.26;8.41;8.50;8.58
07/02/2017;9.34;9.10;8.90;8.73;8.30;8.14;8.07;8.13;8.28;8.46;8.56;8.67
06/02/2017;9.32;9.09;8.89;8.72;8.27;8.06;7.96;8.01;8.18;8.42;8.57;8.72
03/02/2017;9.27;9.05;8.86;8.68;8.23;8.09;8.01;8.04;8.19;8.45;8.63;8.81
02/02/2017;9.23;8.99;8.78;8.60;8.16;8.03;7.98;8.02;8.17;8.42;8.59;8.77
01/02/2017;9.31;9.09;8.89;8.71;8.21;8.03;7.98;8.07;8.27;8.57;8.77;8.98
31/01/2017;9.19;9.02;8.86;8.71;8.28;8.10;8.01;8.07;8.26;8.54;8.74;8.97
30/01/2017;9.14;8.94;8.75;8.60;8.20;8.05;8.01;8.12;8.34;8.65;8.84;9.05
27/01/2017;9.07;8.89;8.73;8.58;8.16;8.02;7.96;8.04;8.25;8.56;8.76;8.97
26/01/2017;9.07;8.93;8.80;8.66;8.26;8.13;8.10;8.18;8.37;8.68;8.88;9.11
25/01/2017;8.88;8.69;8.52;8.39;8.10;8.02;8.05;8.16;8.38;8.73;8.97;9.23
24/01/2017;8.84;8.64;8.47;8.33;8.07;7.99;7.96;8.03;8.25;8.62;8.88;9.14
23/01/2017;8.76;8.59;8.44;8.32;8.05;7.95;7.91;7.98;8.20;8.58;8.84;9.12
20/01/2017;8.78;8.62;8.48;8.36;8.04;7.93;7.90;7.98;8.19;8.52;8.75;8.99
19/01/2017;8.58;8.48;8.40;8.31;8.05;7.97;7.94;7.99;8.14;8.37;8.51;8.67
18/01/2017;8.60;8.50;8.41;8.33;8.09;7.97;7.92;7.98;8.13;8.40;8.58;8.79
17/01/2017;8.60;8.50;8.40;8.32;8.09;7.98;7.91;7.95;8.10;8.37;8.57;8.80
16/01/2017;8.57;8.48;8.40;8.33;8.13;8.03;7.96;7.99;8.13;8.40;8.61;8.87
13/01/2017;8.62;8.53;8.44;8.36;8.12;7.98;7.89;7.93;8.09;8.37;8.58;8.82
12/01/2017;8.64;8.55;8.46;8.38;8.13;8.00;7.90;7.94;8.08;8.34;8.54;8.77
11/01/2017;8.61;8.54;8.47;8.40;8.20;8.10;8.05;8.08;8.20;8.43;8.62;8.87
10/01/2017;8.46;8.42;8.39;8.36;8.21;8.09;8.00;8.03;8.13;8.37;8.57;8.83
09/01/2017;8.67;8.62;8.56;8.49;8.23;8.16;8.11;8.12;8.21;8.43;8.63;8.90
06/01/2017;8.34;8.36;8.36;8.35;8.24;8.17;8.15;8.21;8.35;8.60;8.80;9.06
05/01/2017;8.50;8.47;8.42;8.37;8.17;8.13;8.16;8.24;8.37;8.63;8.84;9.09
04/01/2017;8.41;8.43;8.43;8.39;8.18;8.14;8.19;8.29;8.44;8.69;8.88;9.12
03/01/2017;8.46;8.45;8.43;8.40;8.25;8.21;8.22;8.28;8.42;8.66;8.85;9.09
30/12/2016;8.34;8.40;8.44;8.45;8.36;8.30;8.30;8.35;8.45;8.61;8.75;8.95
29/12/2016;8.50;8.53;8.54;8.53;8.38;8.28;8.23;8.27;8.37;8.54;8.67;8.82
28/12/2016;8.63;8.60;8.57;8.54;8.42;8.35;8.31;8.35;8.45;8.62;8.74;8.87
27/12/2016;8.83;8.74;8.66;8.59;8.40;8.35;8.36;8.43;8.56;8.72;8.82;8.93
26/12/2016;8.90;8.76;8.64;8.55;8.35;8.31;8.37;8.46;8.57;8.70;8.77;8.84
23/12/2016;8.83;8.73;8.65;8.57;8.39;8.35;8.38;8.45;8.55;8.67;8.73;8.80
22/12/2016;8.88;8.75;8.64;8.55;8.37;8.36;8.41;8.47;8.55;8.65;8.72;8.79
21/12/2016;8.84;8.74;8.65;8.58;8.41;8.37;8.42;8.50;8.59;8.69;8.74;8.80
20/12/2016;8.86;8.74;8.64;8.56;8.39;8.37;8.43;8.50;8.60;8.71;8.77;8.83
19/12/2016;8.90;8.75;8.64;8.55;8.39;8.38;8.42;8.48;8.57;8.67;8.72;8.76
16/12/2016;8.72;8.64;8.58;8.53;8.40;8.37;8.41;8.48;8.58;8.70;8.76;8.82
15/12/2016;8.94;8.80;8.69;8.60;8.42;8.38;8.42;8.50;8.62;8.74;8.81;8.87
14/12/2016;8.98;8.82;8.70;8.60;8.38;8.33;8.35;8.41;8.49;8.58;8.63;8.68
13/12/2016;9.05;8.90;8.78;8.69;8.48;8.40;8.38;8.42;8.51;8.60;8.64;8.67
12/12/2016;9.07;8.91;8.78;8.68;8.46;8.41;8.42;8.45;8.49;8.53;8.54;8.56
09/12/2016;9.10;8.95;8.83;8.75;8.59;8.55;8.52;8.51;8.53;8.57;8.59;8.60
08/12/2016;9.11;8.97;8.87;8.80;8.66;8.61;8.55;8.54;8.60;8.66;8.68;8.67
07/12/2016;9.12;8.98;8.88;8.81;8.70;8.68;8.64;8.63;8.66;8.71;8.73;8.74
06/12/2016;9.13;9.01;8.92;8.86;8.73;8.70;8.71;8.72;8.73;8.76;8.78;8.79
05/12/2016;9.12;9.04;8.98;8.92;8.80;8.76;8.75;8.76;8.78;8.82;8.85;8.87
02/12/2016;9.12;9.04;8.98;8.92;8.81;8.79;8.80;8.81;8.82;8.86;8.89;8.90
01/12/2016;9.16;9.04;8.95;8.88;8.77;8.76;8.78;8.80;8.82;8.86;8.88;8.88
30/11/2016;9.10;9.04;8.99;8.95;8.85;8.84;8.85;8.86;8.87;8.93;8.98;9.02
29/11/2016;9.09;9.04;9.00;8.96;8.86;8.85;8.87;8.90;8.95;9.00;9.02;9.04
28/11/2016;9.14;9.05;8.99;8.93;8.82;8.80;8.83;8.85;8.89;8.95;8.99;9.02
25/11/2016;9.17;9.09;9.02;8.96;8.82;8.80;8.84;8.88;8.92;8.97;9.01;9.04
24/11/2016;9.27;9.09;8.97;8.88;8.75;8.77;8.82;8.84;8.85;8.88;8.90;8.91
23/11/2016;9.29;9.08;8.94;8.86;8.76;8.79;8.82;8.83;8.84;8.89;8.92;8.92
22/11/2016;9.23;9.08;8.96;8.87;8.72;8.70;8.72;8.74;8.76;8.82;8.86;8.87
21/11/2016;9.30;9.07;8.92;8.82;8.71;8.72;8.74;8.74;8.75;8.79;8.82;8.81
18/11/2016;9.25;9.06;8.94;8.87;8.76;8.77;8.78;8.76;8.77;8.83;8.87;8.88
17/11/2016;9.26;9.01;8.87;8.80;8.75;8.78;8.79;8.79;8.78;8.83;8.86;8.87
16/11/2016;9.39;9.14;8.98;8.89;8.79;8.83;8.87;8.86;8.86;8.91;8.94;8.95
15/11/2016;9.38;9.13;8.97;8.87;8.77;8.79;8.82;8.81;8.80;8.81;8.83;8.84
14/11/2016;9.31;9.17;9.06;8.98;8.82;8.84;8.89;8.92;8.93;8.95;8.97;8.98
11/11/2016;9.66;9.36;9.15;9.01;8.82;8.83;8.89;8.93;8.96;9.00;9.03;9.03
10/11/2016;9.68;9.34;9.12;8.97;8.76;8.74;8.74;8.72;8.72;8.74;8.75;8.74
09/11/2016;9.62;9.36;9.17;9.03;8.73;8.66;8.61;8.58;8.55;8.55;8.56;8.57
08/11/2016;9.91;9.53;9.26;9.05;8.67;8.59;8.57;8.55;8.53;8.52;8.53;8.54
07/11/2016;9.93;9.53;9.24;9.03;8.66;8.60;8.58;8.56;8.55;8.55;8.56;8.58
03/11/2016;10.03;9.54;9.22;9.01;8.71;8.70;8.71;8.68;8.66;8.67;8.68;8.71
02/11/2016;9.93;9.45;9.15;8.95;8.69;8.72;8.76;8.74;8.72;8.73;8.74;8.76
01/11/2016;9.93;9.48;9.18;8.97;8.67;8.68;8.70;8.67;8.65;8.65;8.67;8.69
31/10/2016;9.84;9.45;9.18;8.99;8.70;8.71;8.73;8.71;8.68;8.67;8.68;8.70
28/10/2016;9.61;9.27;9.05;8.91;8.73;8.72;8.70;8.65;8.61;8.60;8.62;8.64
27/10/2016;9.56;9.26;9.05;8.91;8.68;8.67;8.65;8.62;8.58;8.57;8.58;8.59
26/10/2016;9.64;9.27;9.03;8.88;8.68;8.66;8.61;8.55;8.50;8.49;8.50;8.51
25/10/2016;9.87;9.44;9.15;8.95;8.63;8.59;8.55;8.51;8.47;8.45;8.46;8.47
24/10/2016;9.85;9.44;9.16;8.97;8.64;8.60;8.55;8.48;8.42;8.40;8.41;8.42
21/10/2016;9.91;9.50;9.22;9.03;8.70;8.62;8.54;8.46;8.40;8.38;8.38;8.39
20/10/2016;9.80;9.44;9.19;9.00;8.68;8.64;8.60;8.53;8.47;8.45;8.45;8.46
19/10/2016;9.77;9.43;9.19;9.01;8.69;8.63;8.58;8.52;8.48;8.47;8.47;8.48
18/10/2016;9.80;9.46;9.22;9.06;8.79;8.75;8.70;8.64;8.58;8.57;8.58;8.59
17/10/2016;9.97;9.54;9.25;9.06;8.76;8.73;8.70;8.65;8.60;8.58;8.59;8.61
14/10/2016;9.92;9.53;9.24;9.04;8.67;8.60;8.55;8.49;8.40;8.36;8.37;8.38
13/10/2016;9.90;9.50;9.23;9.04;8.72;8.66;8.60;8.52;8.40;8.35;8.36;8.39
12/10/2016;9.80;9.45;9.21;9.05;8.73;8.63;8.53;8.47;8.42;8.39;8.39;8.39
11/10/2016;9.81;9.48;9.23;9.05;8.72;8.64;8.54;8.44;8.33;8.29;8.30;8.31
10/10/2016;9.74;9.44;9.21;9.04;8.66;8.57;8.48;8.39;8.29;8.26;8.27;8.28
07/10/2016;9.96;9.55;9.25;9.04;8.63;8.53;8.44;8.35;8.25;8.21;8.22;8.23
06/10/2016;9.70;9.45;9.25;9.08;8.67;8.53;8.40;8.31;8.23;8.20;8.20;8.21
05/10/2016;9.79;9.45;9.20;9.01;8.62;8.48;8.35;8.26;8.20;8.17;8.17;8.17
04/10/2016;9.74;9.43;9.18;8.98;8.53;8.38;8.26;8.19;8.13;8.11;8.11;8.11
03/10/2016;9.76;9.42;9.16;8.95;8.51;8.36;8.24;8.17;8.11;8.09;8.10;8.10
30/09/2016;9.71;9.38;9.14;8.96;8.58;8.46;8.34;8.25;8.18;8.15;8.15;8.15
29/09/2016;9.68;9.39;9.17;8.99;8.60;8.46;8.33;8.24;8.16;8.14;8.15;8.15
28/09/2016;9.73;9.45;9.24;9.07;8.67;8.52;8.37;8.30;8.24;8.21;8.21;8.21
27/09/2016;9.78;9.51;9.29;9.12;8.71;8.55;8.41;8.33;8.27;8.25;8.25;8.26
26/09/2016;9.73;9.48;9.27;9.10;8.69;8.54;8.38;8.29;8.23;8.22;8.23;8.25
23/09/2016;9.80;9.52;9.28;9.09;8.64;8.47;8.35;8.28;8.22;8.23;8.27;8.33
22/09/2016;9.65;9.44;9.25;9.08;8.63;8.46;8.27;8.17;8.16;8.26;8.36;8.48
21/09/2016;9.53;9.36;9.20;9.06;8.66;8.52;8.33;8.22;8.20;8.31;8.43;8.59
20/09/2016;9.54;9.41;9.29;9.17;8.82;8.66;8.44;8.32;8.27;8.36;8.48;8.65
19/09/2016;9.50;9.34;9.20;9.08;8.76;8.60;8.40;8.29;8.25;8.35;8.49;8.66
16/09/2016;9.49;9.34;9.19;9.06;8.69;8.52;8.35;8.27;8.25;8.39;8.53;8.71
15/09/2016;9.26;9.12;9.00;8.88;8.54;8.38;8.20;8.13;8.14;8.29;8.45;8.66
14/09/2016;9.23;9.10;8.97;8.86;8.52;8.36;8.21;8.15;8.14;8.29;8.46;8.70
13/09/2016;9.27;9.14;9.02;8.90;8.57;8.42;8.23;8.13;8.11;8.26;8.44;8.70
12/09/2016;9.36;9.22;9.09;8.97;8.63;8.46;8.23;8.10;8.08;8.24;8.43;8.71
09/09/2016;9.39;9.24;9.11;8.99;8.65;8.48;8.25;8.11;8.09;8.25;8.45;8.74
08/09/2016;9.45;9.28;9.13;8.98;8.56;8.36;8.10;7.97;7.94;8.11;8.32;8.61
07/09/2016;9.37;9.23;9.09;8.97;8.60;8.42;8.19;8.06;8.01;8.15;8.35;8.66
06/09/2016;9.40;9.27;9.14;9.01;8.63;8.47;8.24;8.10;8.04;8.17;8.37;8.69
05/09/2016;9.31;9.21;9.11;9.02;8.72;8.54;8.31;8.17;8.10;8.20;8.39;8.71
02/09/2016;9.21;9.13;9.05;8.99;8.77;8.61;8.37;8.22;8.12;8.21;8.38;8.68
01/09/2016;9.14;9.08;9.03;8.98;8.82;8.67;8.42;8.26;8.16;8.23;8.37;8.65
31/08/2016;9.18;9.12;9.06;9.01;8.83;8.68;8.43;8.27;8.17;8.22;8.34;8.59
30/08/2016;9.24;9.18;9.12;9.07;8.91;8.77;8.51;8.33;8.22;8.24;8.36;8.61
29/08/2016;9.25;9.20;9.15;9.10;8.93;8.79;8.54;8.37;8.24;8.25;8.35;8.60
26/08/2016;9.26;9.21;9.16;9.11;8.94;8.79;8.53;8.35;8.23;8.25;8.36;8.59
25/08/2016;9.41;9.33;9.26;9.19;8.97;8.82;8.57;8.39;8.26;8.25;8.36;8.60
24/08/2016;9.50;9.42;9.33;9.25;8.99;8.84;8.60;8.42;8.30;8.32;8.43;8.67
23/08/2016;9.52;9.44;9.35;9.28;9.03;8.86;8.57;8.38;8.25;8.26;8.37;8.61
22/08/2016;9.47;9.40;9.33;9.27;9.05;8.88;8.61;8.42;8.30;8.31;8.43;8.66
19/08/2016;9.50;9.42;9.34;9.27;9.04;8.87;8.58;8.39;8.27;8.30;8.42;8.66
18/08/2016;9.58;9.49;9.40;9.31;9.05;8.89;8.61;8.40;8.26;8.28;8.39;8.60
17/08/2016;9.55;9.46;9.38;9.30;9.08;8.95;8.67;8.45;8.30;8.29;8.37;8.58
16/08/2016;9.51;9.44;9.36;9.30;9.09;8.95;8.62;8.39;8.26;8.27;8.36;8.55
15/08/2016;9.55;9.46;9.38;9.30;9.06;8.92;8.62;8.40;8.27;8.29;8.38;8.58
12/08/2016;9.58;9.49;9.41;9.33;9.10;8.93;8.63;8.42;8.31;8.35;8.46;8.66
11/08/2016;9.54;9.46;9.39;9.32;9.07;8.86;8.54;8.35;8.23;8.25;8.36;8.55
10/08/2016;9.53;9.45;9.37;9.30;9.06;8.86;8.54;8.34;8.23;8.26;8.36;8.55
09/08/2016;9.54;9.45;9.38;9.31;9.09;8.90;8.55;8.34;8.23;8.25;8.33;8.49
08/08/2016;9.50;9.42;9.35;9.29;9.10;8.93;8.61;8.40;8.29;8.28;8.35;8.50
05/08/2016;9.46;9.39;9.33;9.28;9.13;8.97;8.66;8.45;8.36;8.38;8.45;8.59
04/08/2016;9.51;9.44;9.38;9.34;9.18;9.02;8.71;8.52;8.43;8.46;8.54;8.67
03/08/2016;9.62;9.54;9.47;9.41;9.21;9.04;8.76;8.58;8.48;8.49;8.54;8.66
02/08/2016;9.81;9.70;9.59;9.49;9.17;8.99;8.71;8.54;8.45;8.47;8.54;8.67
01/08/2016;9.82;9.70;9.59;9.48;9.17;8.96;8.67;8.49;8.41;8.45;8.54;8.67
29/07/2016;9.85;9.71;9.58;9.46;9.11;8.91;8.65;8.51;8.46;8.53;8.63;8.76
28/07/2016;9.91;9.78;9.65;9.53;9.15;8.95;8.70;8.58;8.56;8.65;8.75;8.88
27/07/2016;9.95;9.82;9.70;9.58;9.23;9.05;8.78;8.64;8.59;8.66;8.76;8.90
26/07/2016;9.96;9.83;9.71;9.60;9.26;9.07;8.81;8.68;8.66;8.74;8.85;8.99
25/07/2016;9.99;9.86;9.73;9.62;9.26;9.02;8.76;8.64;8.61;8.70;8.80;8.93
22/07/2016;10.00;9.86;9.73;9.62;9.26;9.07;8.80;8.66;8.60;8.68;8.78;8.93
21/07/2016;9.98;9.84;9.71;9.59;9.23;9.02;8.75;8.60;8.55;8.63;8.74;8.89
20/07/2016;9.98;9.84;9.72;9.59;9.20;8.97;8.70;8.56;8.52;8.61;8.72;8.88
19/07/2016;9.98;9.84;9.72;9.60;9.23;8.99;8.69;8.54;8.49;8.58;8.69;8.85
18/07/2016;10.09;9.92;9.76;9.61;9.16;8.91;8.65;8.54;8.51;8.62;8.74;8.89
15/07/2016;10.07;9.91;9.75;9.61;9.16;8.91;8.63;8.48;8.43;8.52;8.64;8.80
14/07/2016;10.08;9.92;9.76;9.61;9.15;8.90;8.59;8.44;8.39;8.48;8.61;8.78
13/07/2016;9.97;9.84;9.72;9.60;9.23;9.00;8.67;8.48;8.37;8.43;8.54;8.73
12/07/2016;9.94;9.82;9.70;9.59;9.23;8.95;8.60;8.41;8.30;8.36;8.48;8.66
11/07/2016;9.89;9.79;9.69;9.60;9.29;9.04;8.69;8.47;8.32;8.33;8.41;8.56
08/07/2016;9.89;9.79;9.69;9.61;9.33;9.12;8.77;8.54;8.36;8.34;8.41;8.53
07/07/2016;9.92;9.81;9.71;9.61;9.30;9.12;8.78;8.53;8.33;8.26;8.29;8.39
06/07/2016;10.05;9.92;9.80;9.68;9.29;9.05;8.71;8.50;8.35;8.34;8.40;8.50
05/07/2016;10.13;9.98;9.83;9.70;9.26;8.98;8.64;8.46;8.35;8.38;8.45;8.56
04/07/2016;10.11;9.95;9.81;9.67;9.22;8.93;8.54;8.33;8.22;8.24;8.30;8.39
01/07/2016;10.14;9.97;9.81;9.66;9.21;8.91;8.50;8.29;8.20;8.24;8.30;8.36
30/06/2016;10.06;9.91;9.78;9.66;9.26;8.95;8.54;8.33;8.25;8.25;8.27;8.29
29/06/2016;10.06;9.91;9.78;9.67;9.29;9.00;8.62;8.45;8.39;8.38;8.39;8.39
28/06/2016;10.15;9.97;9.81;9.67;9.25;8.96;8.64;8.49;8.41;8.39;8.39;8.38
27/06/2016;10.18;10.01;9.86;9.73;9.32;9.03;8.72;8.58;8.51;8.49;8.47;8.44
24/06/2016;10.50;10.24;10.02;9.83;9.32;9.05;8.79;8.69;8.62;8.58;8.55;8.52
23/06/2016;10.45;10.18;9.96;9.77;9.25;8.98;8.72;8.61;8.54;8.50;8.47;8.43
22/06/2016;10.13;9.99;9.86;9.74;9.37;9.11;8.80;8.65;8.54;8.45;8.41;8.35
21/06/2016;10.19;10.03;9.89;9.77;9.37;9.12;8.83;8.68;8.56;8.48;8.44;8.40
20/06/2016;10.30;10.10;9.93;9.78;9.33;9.08;8.82;8.68;8.56;8.48;8.45;8.42
17/06/2016;10.39;10.19;10.01;9.85;9.42;9.18;8.94;8.79;8.64;8.57;8.54;8.51
16/06/2016;10.20;10.04;9.90;9.78;9.43;9.22;8.99;8.85;8.71;8.64;8.63;8.60
15/06/2016;10.26;10.10;9.95;9.81;9.41;9.19;8.92;8.77;8.65;8.57;8.55;8.52
14/06/2016;9.97;9.87;9.78;9.69;9.39;9.18;8.96;8.83;8.67;8.54;8.47;8.42
10/06/2016;9.96;9.85;9.75;9.66;9.37;9.15;8.89;8.72;8.55;8.41;8.35;8.28
09/06/2016;10.12;9.99;9.87;9.76;9.43;9.22;8.94;8.78;8.62;8.51;8.46;8.42
08/06/2016;10.13;10.00;9.87;9.76;9.43;9.24;8.94;8.74;8.57;8.44;8.39;8.33
07/06/2016;10.08;9.97;9.86;9.77;9.47;9.28;9.00;8.80;8.60;8.45;8.37;8.31
06/06/2016;10.16;10.00;9.86;9.75;9.49;9.30;9.03;8.83;8.66;8.55;8.51;8.49
03/06/2016;10.23;10.05;9.91;9.79;9.49;9.36;9.15;8.98;8.82;8.73;8.71;8.70
02/06/2016;10.13;9.98;9.86;9.77;9.55;9.43;9.21;9.05;8.93;8.87;8.86;8.86
01/06/2016;10.13;10.01;9.89;9.80;9.55;9.43;9.23;9.07;8.92;8.83;8.81;8.79
31/05/2016;10.03;9.91;9.80;9.71;9.47;9.33;9.13;8.98;8.81;8.70;8.65;8.62
30/05/2016;9.87;9.75;9.66;9.60;9.48;9.36;9.13;8.97;8.83;8.73;8.69;8.65
27/05/2016;9.74;9.69;9.64;9.60;9.45;9.32;9.12;8.97;8.83;8.70;8.63;8.57
26/05/2016;9.63;9.59;9.56;9.53;9.44;9.32;9.11;8.95;8.80;8.66;8.59;8.52
25/05/2016;9.61;9.58;9.56;9.54;9.45;9.33;9.08;8.91;8.77;8.65;8.58;8.52
24/05/2016;9.59;9.55;9.52;9.50;9.41;9.31;9.11;8.97;8.83;8.71;8.66;8.60
23/05/2016;9.53;9.52;9.51;9.50;9.44;9.34;9.13;8.98;8.85;8.73;8.67;8.62
20/05/2016;9.57;9.56;9.54;9.52;9.42;9.30;9.09;8.95;8.82;8.71;8.65;8.59
19/05/2016;9.56;9.55;9.54;9.52;9.42;9.31;9.13;9.00;8.89;8.78;8.72;8.66
18/05/2016;9.55;9.54;9.52;9.50;9.39;9.25;9.04;8.91;8.79;8.70;8.65;8.61
17/05/2016;9.45;9.48;9.48;9.47;9.36;9.21;8.99;8.86;8.75;8.67;8.63;8.59
16/05/2016;9.43;9.46;9.47;9.46;9.35;9.19;8.97;8.85;8.74;8.65;8.61;8.57
13/05/2016;9.44;9.47;9.49;9.49;9.37;9.20;8.96;8.83;8.74;8.67;8.64;8.62
12/05/2016;9.37;9.43;9.47;9.48;9.36;9.20;8.98;8.86;8.77;8.69;8.64;8.60
11/05/2016;9.62;9.59;9.55;9.52;9.37;9.20;8.97;8.86;8.79;8.74;8.70;8.66
10/05/2016;9.63;9.61;9.59;9.56;9.42;9.28;9.09;8.99;8.92;8.85;8.80;8.75
06/05/2016;9.64;9.60;9.55;9.51;9.37;9.26;9.08;8.97;8.89;8.83;8.80;8.76
05/05/2016;9.72;9.66;9.61;9.57;9.42;9.29;9.08;8.97;8.92;8.87;8.83;8.79
04/05/2016;9.95;9.84;9.75;9.66;9.42;9.29;9.12;9.01;8.95;8.89;8.85;8.82
29/04/2016;9.89;9.78;9.68;9.60;9.39;9.24;8.99;8.86;8.82;8.78;8.75;8.71
28/04/2016;9.99;9.84;9.73;9.64;9.42;9.29;9.12;9.03;9.00;8.98;8.98;8.97
27/04/2016;10.19;9.94;9.77;9.66;9.47;9.37;9.26;9.20;9.17;9.16;9.16;9.16
26/04/2016;10.14;9.94;9.79;9.69;9.47;9.37;9.28;9.24;9.22;9.20;9.20;9.19
25/04/2016;10.12;9.91;9.76;9.66;9.47;9.38;9.28;9.23;9.21;9.20;9.19;9.18
22/04/2016;10.09;9.88;9.72;9.61;9.43;9.35;9.26;9.20;9.17;9.16;9.15;9.14
21/04/2016;10.01;9.82;9.67;9.58;9.43;9.36;9.23;9.16;9.13;9.11;9.10;9.10
20/04/2016;9.91;9.78;9.66;9.56;9.36;9.28;9.17;9.11;9.08;9.07;9.08;9.08
19/04/2016;9.92;9.85;9.75;9.67;9.46;9.35;9.24;9.20;9.16;9.14;9.12;9.12
18/04/2016;10.01;9.92;9.81;9.71;9.49;9.40;9.30;9.24;9.20;9.19;9.19;9.19
15/04/2016;9.93;9.90;9.83;9.75;9.53;9.40;9.27;9.22;9.20;9.19;9.17;9.16
14/04/2016;9.99;9.92;9.80;9.70;9.48;9.39;9.29;9.23;9.20;9.18;9.17;9.17
13/04/2016;9.86;9.85;9.78;9.70;9.51;9.40;9.28;9.22;9.19;9.17;9.15;9.14
12/04/2016;9.81;9.83;9.77;9.69;9.48;9.35;9.24;9.19;9.15;9.11;9.09;9.09
11/04/2016;9.80;9.82;9.75;9.66;9.47;9.38;9.26;9.19;9.15;9.13;9.12;9.11
08/04/2016;9.78;9.86;9.84;9.77;9.54;9.42;9.30;9.23;9.20;9.17;9.15;9.12
07/04/2016;9.84;9.91;9.85;9.77;9.54;9.43;9.35;9.32;9.31;9.28;9.25;9.21
06/04/2016;9.90;9.97;9.90;9.80;9.49;9.36;9.25;9.19;9.15;9.13;9.12;9.10
05/04/2016;9.91;9.99;9.93;9.83;9.50;9.37;9.27;9.23;9.20;9.16;9.14;9.11
04/04/2016;9.73;9.88;9.90;9.85;9.54;9.36;9.20;9.15;9.11;9.06;9.04;9.01
01/04/2016;9.76;9.90;9.91;9.84;9.47;9.30;9.19;9.15;9.11;9.06;9.03;9.00
31/03/2016;9.85;9.95;9.95;9.88;9.48;9.28;9.13;9.08;9.04;9.01;9.00;8.98
30/03/2016;9.77;9.80;9.75;9.67;9.39;9.27;9.17;9.13;9.08;9.05;9.04;9.03
29/03/2016;9.78;9.80;9.74;9.66;9.43;9.35;9.29;9.24;9.22;9.19;9.18;9.16
28/03/2016;9.59;9.68;9.68;9.63;9.40;9.32;9.26;9.22;9.18;9.14;9.12;9.09
25/03/2016;9.67;9.72;9.69;9.64;9.43;9.32;9.22;9.19;9.16;9.14;9.13;9.11
24/03/2016;9.66;9.70;9.68;9.63;9.46;9.35;9.27;9.25;9.25;9.23;9.22;9.20
23/03/2016;9.67;9.71;9.67;9.61;9.40;9.28;9.21;9.21;9.20;9.17;9.15;9.12
22/03/2016;9.48;9.53;9.52;9.48;9.30;9.19;9.07;9.03;9.01;8.98;8.96;8.94
21/03/2016;9.42;9.48;9.48;9.45;9.29;9.17;9.06;9.01;9.01;9.00;8.99;8.97
18/03/2016;9.29;9.37;9.38;9.37;9.24;9.13;9.03;9.01;8.99;8.95;8.93;8.92
17/03/2016;9.36;9.45;9.45;9.41;9.23;9.17;9.14;9.12;9.10;9.10;9.11;9.12
16/03/2016;9.38;9.50;9.53;9.53;9.49;9.48;9.46;9.43;9.40;9.38;9.38;9.39
15/03/2016;9.36;9.48;9.53;9.54;9.52;9.53;9.56;9.55;9.50;9.44;9.42;9.42
14/03/2016;9.40;9.48;9.48;9.46;9.41;9.42;9.47;9.47;9.41;9.34;9.32;9.31
11/03/2016;9.35;9.42;9.40;9.36;9.26;9.29;9.38;9.39;9.33;9.25;9.22;9.21
10/03/2016;9.37;9.46;9.45;9.42;9.34;9.32;9.33;9.32;9.26;9.20;9.17;9.17
09/03/2016;9.29;9.42;9.43;9.40;9.30;9.29;9.28;9.24;9.18;9.14;9.13;9.14
07/03/2016;9.32;9.44;9.43;9.39;9.25;9.25;9.26;9.22;9.16;9.12;9.12;9.14
04/03/2016;9.08;9.26;9.29;9.29;9.26;9.28;9.30;9.27;9.19;9.14;9.13;9.14
03/03/2016;9.05;9.28;9.35;9.37;9.35;9.36;9.36;9.34;9.28;9.23;9.22;9.22
02/03/2016;9.12;9.38;9.46;9.47;9.44;9.45;9.44;9.39;9.31;9.27;9.26;9.27
01/03/2016;9.04;9.34;9.44;9.47;9.48;9.49;9.45;9.38;9.29;9.26;9.26;9.27
29/02/2016;9.15;9.48;9.60;9.64;9.65;9.68;9.73;9.70;9.59;9.51;9.49;9.49
26/02/2016;9.40;9.71;9.77;9.75;9.67;9.69;9.71;9.67;9.57;9.50;9.49;9.52
25/02/2016;9.38;9.74;9.84;9.84;9.78;9.80;9.81;9.75;9.64;9.59;9.59;9.62
24/02/2016;9.23;9.68;9.84;9.90;9.93;9.98;10.00;9.94;9.84;9.79;9.79;9.82
22/02/2016;8.79;9.25;9.52;9.69;9.92;9.99;10.01;9.96;9.85;9.79;9.80;9.85
20/02/2016;8.82;9.33;9.63;9.81;10.03;10.03;10.00;9.96;9.91;9.89;9.89;9.90
19/02/2016;8.99;9.51;9.76;9.88;10.01;10.05;10.07;10.03;9.96;9.91;9.90;9.91
18/02/2016;8.94;9.47;9.75;9.90;10.06;10.10;10.08;10.00;9.90;9.85;9.86;9.90
17/02/2016;9.17;9.71;9.94;10.03;10.12;10.20;10.24;10.19;10.09;10.03;10.03;10.06
16/02/2016;9.00;9.54;9.83;9.99;10.17;10.26;10.33;10.29;10.18;10.10;10.09;10.10
15/02/2016;8.92;9.44;9.77;9.97;10.25;10.30;10.31;10.25;10.11;10.03;10.04;10.08
12/02/2016;9.01;9.55;9.86;10.04;10.25;10.32;10.37;10.34;10.24;10.17;10.17;10.19
11/02/2016;8.94;9.46;9.79;9.99;10.30;10.40;10.45;10.40;10.27;10.19;10.19;10.22
10/02/2016;8.93;9.50;9.83;10.02;10.25;10.29;10.33;10.30;10.18;10.12;10.12;10.17
09/02/2016;8.98;9.49;9.81;10.01;10.29;10.37;10.45;10.44;10.34;10.27;10.27;10.29
08/02/2016;8.93;9.45;9.78;9.99;10.29;10.35;10.39;10.36;10.25;10.18;10.17;10.20
05/02/2016;9.01;9.51;9.81;9.99;10.22;10.27;10.30;10.27;10.16;10.09;10.08;10.11
04/02/2016;8.98;9.52;9.83;10.00;10.19;10.24;10.26;10.22;10.13;10.09;10.09;10.11
03/02/2016;8.87;9.37;9.72;9.95;10.33;10.42;10.42;10.38;10.31;10.27;10.26;10.27
02/02/2016;8.95;9.49;9.83;10.05;10.37;10.46;10.50;10.45;10.36;10.31;10.31;10.35
01/02/2016;9.03;9.62;9.93;10.10;10.29;10.35;10.38;10.35;10.28;10.24;10.24;10.26
29/01/2016;8.91;9.52;9.86;10.05;10.25;10.28;10.26;10.21;10.15;10.13;10.14;10.16
28/01/2016;8.84;9.46;9.81;9.99;10.19;10.19;10.18;10.15;10.09;10.06;10.06;10.09
27/01/2016;8.96;9.58;9.92;10.11;10.36;10.40;10.36;10.28;10.20;10.19;10.21;10.25
26/01/2016;8.86;9.48;9.88;10.14;10.53;10.57;10.51;10.44;10.38;10.37;10.40;10.45
25/01/2016;9.00;9.66;10.05;10.27;10.58;10.65;10.66;10.60;10.51;10.47;10.50;10.55
22/01/2016;8.91;9.58;9.96;10.19;10.52;10.59;10.59;10.54;10.47;10.45;10.48;10.51
21/01/2016;9.29;9.97;10.32;10.51;10.76;10.85;10.93;10.94;10.90;10.87;10.85;10.85
20/01/2016;9.38;10.07;10.40;10.56;10.72;10.80;10.89;10.91;10.90;10.86;10.83;10.80
19/01/2016;9.32;10.00;10.33;10.48;10.60;10.61;10.57;10.53;10.50;10.47;10.46;10.45
18/01/2016;9.43;10.11;10.43;10.57;10.70;10.72;10.72;10.68;10.62;10.57;10.56;10.55
15/01/2016;9.42;10.10;10.42;10.58;10.70;10.73;10.72;10.67;10.56;10.49;10.48;10.49
14/01/2016;9.54;10.19;10.46;10.55;10.59;10.62;10.60;10.50;10.36;10.29;10.28;10.30
13/01/2016;9.67;10.29;10.54;10.62;10.56;10.55;10.52;10.41;10.24;10.14;10.12;10.12
12/01/2016;9.70;10.33;10.62;10.74;10.65;10.54;10.46;10.39;10.24;10.14;10.11;10.10
11/01/2016;9.67;10.29;10.55;10.64;10.52;10.42;10.35;10.26;10.06;9.95;9.93;9.92
06/01/2016;8.65;9.24;9.61;9.84;10.09;10.02;9.85;9.74;9.61;9.50;9.46;9.44
05/01/2016;8.63;9.23;9.60;9.81;10.00;9.92;9.74;9.61;9.50;9.42;9.40;9.39
04/01/2016;8.77;9.34;9.70;9.91;10.07;9.97;9.80;9.67;9.51;9.39;9.35;9.34